instance,time_taken,optimal_cost,global_optimal_solution,rl_actions,rl_gap,rl_permutation,sa_gap,sa_permutation,bb_gap,bb_permutation,gurobi_gap,gurobi_permutation
bur26a,76,5426670,"[25 14 10  6  3 11 12  1  5 17  0  4  8 20  7 13  2 19 18 24 16  9 15 23
 22 21]","['START', 'FW_LSG', 'FW_LSG', 'FW_LSG', 'OC', 'SA', 'FW_LSG', 'FW_LSG', 'OC', 'SA']",0.0,"[25 14 10  6  3 12 11  1  5 17  0  4  8 20  7 13  2 19 18 24 16  9 15 23
 21 22]",54400.0,"[17  2 12 22 20 25  6 15 14  0 13 19  3 18 10  1  7  8  4  9 23 11 24 21
  5 16]",274701.0,"[25 24 23 22 21 20 19 18 17 16 15 14 13 12 11 10  7  6  8  0  4  9  5  2
  3  1]",419856.0,"[ 2  7 11  1 12  6  4 25 10 19  0  9 15  8  3 14 21 18 16 17 13  5 24 23
 22 20]"
bur26b,76,3817852,"[10 25 14  6  3 13  5 22 21 17  8  0  4 20  7 11  2 19 18  9 24 16 23 15
  1 12]","['START', 'FW_LS', 'OC', 'SA', 'FW_LS', 'OC', 'SA', 'OC', 'OC', 'OC', 'OC', 'OC', 'OC', 'OC', 'OC', 'OC', 'OC', 'SA', '2O']",0.0,"[25 16  9  6  3  5 13 22 21 17  0  4  8 20  7 11  2 19 18 24 14 10 15 23
  1 12]",9019.0,"[ 1  5  3 21  6  2  0 15 14 25 19  8 18 17 11 23  4 13 20 22  7 10 12  9
 24 16]",206083.0,"[25 24 23 22 21 20 19 18 17 16 15 14 13 12 11 10  7  6  8  0  4  9  5  2
  3  1]",360904.0,"[ 9  2 24 21 18 15 20  4 17 22  3 19 14 16  8  5 25 10 13 12 11  1  0 23
  7  6]"
bur26c,76,5426795,"[ 2  1 11 12 15 10 24  9 14  8 18  7 17 19  3 20  0 13  4 21  5 23 22  6
 16 25]","['START', '2O', 'OC', 'OC', 'SA', 'FW_LSG', 'OC', 'FW_LSG', 'SA', 'SA', 'OC', 'OC', 'OC', 'OC', 'OC', 'OC', 'OC', 'SA', '2O']",0.0,"[11  2  1 12 15 24 10 14  9  8 17 18  7 19  3 20  0  4 13 23 21  5  6 22
 16 25]",70629.0,"[24 16 20  3  6 12 21 23  2 17  8  4 14 19 15 11 13  0 18  9 25 22 10  1
  5  7]",286253.0,"[25 24 23 22 21 20 19 18 17 16 15 14 13 12 11 10  8  4  0  7  9  3  2  1
  6  5]",548873.0,"[10 20  6 11 13  8  1 21  0 19  2  5  7 15  3  9 23 16 18 17 12 24 25 14
  4 22]"
bur26d,76,3821225,"[12  2 23  1 15 25  7 20 14  8 11 18 17 19 22 24 13  0  4 21  5 10  3  6
  9 16]","['START', 'FW_LSG', 'OC', 'SA', 'FW_LS', 'OC', 'SA', 'FW_LSG', 'OC', 'SA', 'SA', 'OC', 'OC', 'OC', 'OC', 'OC', 'OC', 'SA', '2O']",0.0,"[21  5 23  1 15  7 25 14 20  8 11 18 17 19 22 24 13  4  0 12  2 10  3  6
 16  9]",18504.0,"[15 14 10 25  6 21 11 12  1  5  3  4  0  8 24  2 17 19 18  7 23 20 16  9
 13 22]",234325.0,"[25 24 23 22 21 20 19 18 17 16 15 14 13 12 11 10  8  4  0  7  9  3  2  1
  6  5]",460790.0,"[16  0  4 13 17 22  9 10  8 24  5 21 20 19 15 23  7 12 14 11 18  3  1  2
  6 25]"
bur26e,83,5386879,"[ 3 12 13  6 15 25 24 16  0 14 19 17 11 18  2  7 20  8  4  5  9 23  1 21
 10 22]","['START', 'FW_LS', 'OC', 'OC', 'SA', '2O', 'FW_LSG']",0.0,"[13 12  3  6 15 24 25  0 16 14 11 17 19 18  2  7 20  4  8 23  9  5 21  1
 10 22]",64563.0,"[24  9  1 10  2 12 11 25 21 13 14  0  4 20  6 17 19  8 18  3 16 22  5 15
 23  7]",342579.0,"[25 24 23 22 21 20 19 18 17 16 15 14 13 12 11 10  8  4  0  6  1  3  5  2
  9  7]",513619.0,"[ 2  3  9  5 12 25  1 20 10 19 23 16  7 15  4  8  0 17 11 18 13  6 21 24
 14 22]"
bur26f,76,3782044,"[12  5  6 16 15 22 25  9  0 14 17 19 18 11 13 24 20  8  4 23  1  2 21  3
  7 10]","['START', 'FW_LSG', 'FW_LSG', 'FW_LS', 'OC', 'SA', 'FW_LSG', 'OC', 'OC', 'OC', 'OC', 'OC', 'OC', 'OC', 'OC', 'OC', 'OC', 'SA', '2O']",0.0,"[ 6 23  1 16 15  7 10  0  9 14 18 17 19 11 13 24 20  4  8  2 12  5 21  3
 22 25]",15396.0,"[ 9 10  7 23  6  3 21 12 11 13  8  4 20 14  0  2 18 19 17 24 16  1 22 25
  5 15]",295321.0,"[25 24 23 22 21 20 19 18 17 16 15 14 13 12 11 10  7  0  2  8  4  1  9  6
  5  3]",283522.0,"[15  1  3 19 16 20 22  9 18  8 25 10 14  2  6  4  0 12 13 11 17 23 24 21
  7  5]"
bur26g,83,10117172,"[ 1 10 21 22 12 23 24  7  0 20  6  3 19 17 11 14  8 18  4  5 15 25 13  2
  9 16]","['START', 'FW_LSG', 'FW_LSG', 'FW_LS', 'FW_LS', 'FW_LS', 'FW_LS', 'OC', 'OC', 'OC', 'OC', 'OC', 'OC', 'OC', 'OC', 'OC', 'OC', 'SA', '2O']",0.0,"[10 21  1 22 12 24 23  0  7 20  3 19  6 17 11 14  8  4 18 15 25  5 13  2
  9 16]",108730.0,"[ 5  0 20  2  6 15 12  7 21 17 14  4 19  8 25 10 11 18  3 16 24 23  9  1
 22 13]",538121.0,"[25 24 23 22 21 20 19 18 17 16 15 14 13 12 11 10  6  4  0  9  8  5  7  1
  3  2]",1048264.0,"[ 7  6 20 12 17 19 11 15 18 23  2  3  4  0  8 21 24 10 16 13  9 14  1 25
  5 22]"
bur26h,83,7098658,"[10  1 12 11  5  9 24  7  0 20  3 19  6 17 13 14  8 18  4 15 21  2 22 25
 23 16]","['START', 'FW_LSG', 'OC', 'SA', '2O']",0.0,"[21 12 15 11  5 23 16  0  7 20 19  6  3 17 13 14  8  4 18  1  2 10 25 22
  9 24]",79944.0,"[ 9  5 25  2 10 23 16 24  7  3 17  8 19 13 12 14  0  4  6 11 15 22 21  1
 18 20]",443944.0,"[25 24 23 22 21 20 19 18 17 16 15 14 13 12 11 10  6  4  0  9  8  5  7  1
  3  2]",647571.0,"[15 23  7 10 18  4 17 20 16 25 19 14 22 21  9  0  6 12 11 13  8  3  2  5
 24  1]"
chr12a,26,9552,[ 6  4 11  1  0  2  8 10  9  5  7  3],"['START', '2O', 'FW_LSG', 'FW_LS', 'OC', 'SA', 'FW_LSG']",0.0,[ 6  4 11  1  0  2  8 10  9  5  7  3],2498.0,[ 4 10  8  2  6  5 11  7  3  9  1  0],3906.0,[11 10  9  1  8  5  7  4  3  6  2  0],49326.0,[ 4  3  5 11  1  9  0 10  6  8  7  2]
chr12b,26,9742,[ 4  6  0  9 10  2  3  1  8  5 11  7],"['START', 'FW_LSG', 'FW_LSG', 'FW_LS']",0.0,[ 4  6  0  9 10  2  3  1  8  5 11  7],8306.0,[ 7  9  0  4  3 10  6  1 11  5  8  2],11414.0,[11 10  9  5  6  8  7  3  2  4  1  0],38206.0,[ 2  7  5  6  0  9  1 11  8  3  4 10]
chr12c,30,11156,[ 6  4  0  2  9  3  7  5  8 10  1 11],"['START', 'FW_LSG', 'FW_LS', 'FW_LS', 'OC', 'SA', 'FW_LSG', 'FW_LS', 'SA']",0.0,[ 6  4  0  2  9  3  7  5  8 10  1 11],6600.0,[ 2  4 10  5 11  3  8  7  1  9  0  6],3228.0,[11 10  8  7  1  9  0  6  3  4  5  2],26656.0,[ 2 10  3  5  1  7  0  6  8  4  9 11]
chr15a,25,9896,[ 4  9  7 12 11 10 13  1  3  5  6 14  2  0  8],"['START', 'FW_LSG', 'FW_LSG', 'FW_LSG', 'FW_LS', 'FW_LS', 'FW_LS', 'OC', 'OC', 'OC', 'OC', 'OC', 'OC', 'OC', 'OC', 'OC', 'OC', 'SA', '2O']",0.0,[ 4  9  7 12 11 10 13  1  3  5  6 14  2  0  8],4024.0,[ 2 11  8  9 14 10 13  1  4  5  6  7  3 12  0],22932.0,[14 13 12 11 10  8  7  2  1  5  4  6  0  9  3],65066.0,[13  7 12  8  0  9 10  2 14  1  5  4  3  6 11]
chr15b,25,7990,[ 3 12 14  0  8  1  4 11  5 13  6  2  9 10  7],"['START', 'FW_LSG', 'FW_LSG', 'FW_LS', 'FW_LS', 'FW_LS', 'FW_LS', 'OC', 'OC', 'SA', 'OC', 'OC', 'OC', 'OC', 'OC', 'OC', 'OC', 'SA', '2O']",0.0,[ 3 12 14  0  8  1  4 11  5 13  6  2  9 10  7],3984.0,[12  4  1  8 13  7 11  6  9 10  2  0  5  3 14],28000.0,[14 13 12 11 10  8  7  1  0  6  9  2  5  3  4],55042.0,[ 3  5 11  0  6  8 10 14  4 12 13  7  1  9  2]
chr15c,25,9504,[12  1  4  6  7  0 13  5  3  2 14  8 11 10  9],"['START', 'FW_LS', 'FW_LS', 'FW_LS', 'OC', 'SA', 'FW_LSG', 'FW_LSG', 'OC', 'OC', 'OC', 'OC', 'OC', 'OC', 'OC', 'OC', 'OC', 'SA', '2O']",0.0,[12  1  4  6  7  0 13  5  3  2 14  8 11 10  9],7296.0,[ 3 10  0  2  6  9  1  5 11 13 14  4  8  7 12],32658.0,[14 13 12 11 10  9  8  2  4  3  7  0  1  5  6],52690.0,[ 5  1  9  8  2  7  3  4 11 14 13 12  0  6 10]
chr18a,35,11098,[ 2 12  5  3 17 11  9  4  0 10  7  6 16 13  8 15 14  1],"['START', 'FW_LSG', 'OC', 'SA', 'FW_LSG', 'OC', 'FW_LSG', 'SA', 'SA', 'SA']",20.0,[ 2 12  5  3 17 11  9  4  0 16  7  6 15 13  8  1 14 10],5480.0,[ 7  4  8 10 17  6  1  2  0 11  3 16 15 13  9 12 14  5],31590.0,[17 16 15 14 13 12 11 10  8  4  2  7  6  5  3  0  9  1],78442.0,[ 8 15  0  3  7  2 11 10 14  6 17  5  1 13 16 12  9  4]
chr18b,35,1534,[ 0  1  3  2  4  5  7  8  6 11  9 10 12 13 15 14 16 17],"['START', 'FW_LS', 'OC', 'FW_LS', 'OC', 'SA']",0.0,[17 16 14 15 13 12 10  9 11  6  8  7  5  4  2  3  1  0],154.0,[11 10 14  9  8  6  7  4  5 17  2 16  1 15  0 12  3 13],388.0,[17 16 15 14 13 12 11 10  8  9  7  6  4  3  5  0  2  1],3494.0,[ 9 11 13  7  5 15  1  3 17  0 10 12  2  8 14  4  6 16]
chr20a,48,2192,[ 2 19  6 17  8 11 18  3  9 10  0  5 14  7  1  4 13 15 12 16],"['START', 'SA', 'FW_LSG', 'FW_LS']",98.0,[18 17 13 10  9  5 14  4  1  8  7 11 16 12 19  0  6  3  2 15],530.0,[ 8  0 11 17 12  5 18  9 10 19  1 13 14  4  7  2  3 16 15  6],3540.0,[19 18 17 16 15 14 13 12 11 10  7  9  4  6  8  1  5  2  0  3],8320.0,[10 15  0  7 14 11  2 13  4  8  9  5 19 16 12 17 18  3  6  1]
chr20b,43,2298,[19  2  8  6  0 11 15  5  7 13  9  3  4 12 16  1 17 10 18 14],"['START', 'FW_LSG', 'OC', 'SA', 'FW_LSG', 'OC', 'FW_LSG', 'OC', 'OC', 'OC', 'OC', 'OC', 'OC', 'OC', 'OC', 'OC', 'OC', 'SA', '2O']",158.0,[ 4 16 10 17 14 18 15  1  7 12  9  3  2 13 19  5  8 11  0  6],1524.0,[19 17  8 10  0 14 18  2 13  6 11 15 16 12  4  1  9  3  7  5],3316.0,[19 18 17 16 15 14 13 12 11 10  9  8  4  0  7  1  6  3  2  5],9926.0,[ 7  2 16  0 13 10 18  3  9  1 11 12  4  8  6  5 15 17 19 14]
chr20c,48,14142,[11  5  8  1  9 10  2  3 14 17  6 12 15  4 13 16 18  0  7 19],"['START', '2O', 'OC', 'OC', 'SA', 'OC', '2O']",0.0,[11  5  8  1  9 10  2  3 14 17  6 12 15  4 13 16 18  0  7 19],12382.0,[17  7 19 16  0 11  8 12  9  6  5  1  4  3 15  2 13 10 18 14],48984.0,[19 18 17 16 15 14 13 12 11 10  9  3  2  7  0  1  4  8  6  5],104318.0,[17  3  6  7 13  1 10 18  2  4  5  0 11 14  8 12 15  9 16 19]
chr22a,34,6156,[14  1 20  7 15  0  6 17 13 12  4 16  5 10  2  3 19 18  8 21  9 11],"['START', 'FW_LSG', 'FW_LSG', 'FW_LS', 'FW_LS', 'FW_LS', 'FW_LS', 'OC', 'OC', 'OC', 'OC', 'OC', 'OC', 'OC', 'OC', 'OC', 'OC', 'SA', '2O']",108.0,[ 6  1 20 10 15  0 14 17 13 12  4 16  5  7  2  3 19 18 21  8  9 11],732.0,[ 8  0 18 17 10  1 21 13 19 12  6 20  5 14  3 15  2 16  7  9 11  4],4418.0,[21 20 19 18 17 16 15 14 13 12 11 10  9  6  5  1  2  3  8  4  7  0],8664.0,[ 5  1  0  2 14 12 15 13 17  4 21  8  7 20  6  9  3 10 11 16 18 19]
chr22b,34,6194,[ 9 18  2  0 19  1  5  3  6  7 16 11 10 14 20 12  8  4 21 13 17 15],"['START', 'FW_LSG', 'FW_LSG', 'FW_LS', 'FW_LS', 'FW_LS', 'FW_LS', 'OC', 'OC', 'OC', '2O', 'OC', 'OC', 'OC', 'OC', 'OC', 'OC', 'SA', '2O']",118.0,[ 2 16  9  0 17  1  5 21  6 12 14  8 10  3  7 18 13  4 11 19 20 15],1474.0,[14 20 10 17 13  9 11  3  2  4 16 12  1 15  5 19  0 21  6  7 18  8],10668.0,[21 20 19 18 17 16 15 14 13 12 11 10  9  3  8  4  5  0  2  6  7  1],8598.0,[ 3  5 14  2 21  1  9  8 20 10 13  4  0 15 12 17  6  7 18 19 11 16]
chr25a,54,3796,"[24 11  4  2 17  3 15  7 19  9 13  5 14 22 23 18 12  0 20 10 16  1 21  6
  8]","['START', 'FW_LSG', 'OC', 'SA', 'FW_LSG', 'FW_LSG', 'FW_LSG']",274.0,"[ 5  0  9  2 12  1 17  3 19  4 21  6 16 11 24 15 20 10 18  7 23  8 13 22
 14]",2448.0,"[24  3 18  4  8  2  9  1 17 10 19  5 20  6 23 13 12  0 14 22 21 16 11 15
  7]",9942.0,"[24 23 22 21 20 19 18 17 16 15 14 13 12 11 10  9  4  5  8  1  3  0  2  7
  6]",16432.0,"[ 3  0 11  1 17  5 15 19 14  7  9 18 10 22 23 21  8 13 12 16  2  4 24  6
 20]"
els19,54,17212548,[ 8  9  6 17 13 18 12 16  5 10  3  4 11  7 14 15  0  1  2],"['START', 'FW_LS', 'FW', 'FW_LSG', 'OC', 'SA', 'FW_LSG', 'FW_LS', 'SA']",0.0,[ 8  9  6 18 13 17 12 16  5 10  3  4 11  7 15 14  0  1  2],12122742.0,[16  4  2  3  0 12 14 17 11  9  6 15  1  8 13 18  7  5 10],12027170.0,[18 17 16 15 14 13 12 11 10  9  8  7  6  5  4  3  0  1  2],30073844.0,[16 17 18 10 11  8  2 13  0  1  9 12  6  4 14 15  7  5  3]
esc16a,38,68,[ 1 13  9 15  4  2  6  7  3  5 11 10 14 12  8  0],"['START', 'FW_LS', 'FW', 'FW_LS', 'FW_LS', 'OC', 'SA', 'SA']",0.0,[13  7 15 11  4 12  8  9  1  5  3  6  0 10  2 14],0.0,[12  5 15  7  0 10  2  6 14  4  8  3 11  1 13  9],16.0,[15 14 13 12 11 10  9  6  5  7  8  4  3  2  1  0],36.0,[ 0  9  8  7  1  3  2 14  4  6  5 13 10 12 11 15]
esc16b,29,292,[ 5  2  6  4 12  0 14  1  3 10  8 13  9 11  7 15],"['START', 'FW_LSG', 'OC', 'OC', '2O']",0.0,[13  4 11  6 10 14  3  2  0  7 15  9  1  8 12  5],0.0,[10 14 12  0  6  4  8  7 15 13  5  2  3  1  9 11],4.0,[15 14 13 12 11 10  9  8  4  0  2  7  6  5  3  1],30.0,[ 0 15 11 14  8  2  6  3 13  1 12  9  4  7 10  5]
esc16c,32,160,[10 13  9 15 11  7  8  2 12  5  4  6 14  1  0  3],"['START', 'FW_LSG', 'OC', 'SA']",0.0,[ 1 11  3 15  7 14  2  6  9 10 13 12  8  4  0  5],0.0,[ 1  8  0 10  2 14  3  7  9 12 11 15 13  4  6  5],12.0,[15 14 13 12 11 10  9  7  6  8  4  0  2  5  3  1],64.0,[ 0  5  7  9  2  1  4  3 15 11  6 12 13 10 14  8]
esc16d,29,16,[13  1 11  4  5 15  7  9  2  8 12  6 10 14  3  0],"['START', 'FW_LSG']",0.0,[14  8 13 15 11  6 12 10  0  2  3  4  5  1  9  7],0.0,[ 3 11 14  2  1  7 15  0  9  4  5  8 12 13 10  6],10.0,[15 14 13 12 11 10  8  9  2  1  3  6  5  7  4  0],34.0,[ 0 14 11  8  3  1  4  6 10  2 13 12  9  7  5 15]
esc16e,38,28,[15  6  7 14  8 11 13  9 10  1  5  4 12  3  2  0],"['START', 'FW_LSG']",0.0,[ 0  3  8  1 12  5  9 13  4  2  6  7 10 11 14 15],2.0,[13  9 12  1 15  3 11  7  5  2  4 14  8  6 10  0],10.0,[15 14 13 12 11 10  9  8  2  7  6  5  4  3  1  0],44.0,[12  9 11 14 15 10 13  1  4  6  7  5  2  0  8  3]
esc16g,29,26,[ 7 10  8 11 14 15 13  9  6  5  1  4 12  3  2  0],"['START', '2O']",0.0,[ 1  8 12 10  0  2  6 14  9  3 15  5 11 13  7  4],2.0,[15  9  3  5 11 13  7  1 10  2  4 12  6  8  0 14],4.0,[15 14 13 12 11 10  9  8  7  6  5  4  3  2  1  0],36.0,[ 3  1  7  2 10 15 11 14  5  4  6  0  8 12 13  9]
esc16h,32,996,[12  8  9 14  2 10  3 15 11  6  7  4  5  1  0 13],"['START', 'FW_LSG']",0.0,[ 6  3  2 11 14  9 15 13 12 10  8  4  5  1  0  7],0.0,[ 7  2  6  1  0  9 12  4 13  8  5 14 11 10 15  3],54.0,[15 14 13 12 11 10  9  8  2  1  0  7  6  5  3  4],254.0,[ 0 13  2 12  1 11 15 14 10  9  3  7  4  6  8  5]
esc16i,29,14,[12  8 10  2  6  4  5  1  0 14  3 13 11  9  7 15],"['START', 'FW_LSG']",0.0,[ 2  3  1  0  8  9 10 11 15  4  5  6  7 12 13 14],0.0,[12  8  0  2  6  4  5  7 15 14  3 10  9 13  1 11],12.0,[15 14 13 12 11 10  9  8  0  7  6  5  4  3  2  1],38.0,[ 6  1  4  3  7  0  5  2 14 13 15  9  8 11 10 12]
esc16j,32,8,[ 7  2 15 13  1 11  9  5  8  4 12 10  3  6 14  0],"['START', 'FW_LSG']",0.0,[ 8  0  1  2 14 11 15 12  3  4  5  6 10  9  7 13],0.0,[ 4 15  8  9  1  2  3  5  6 11 13  7  0 12 10 14],6.0,[15 14 13 12 11 10  9  1  8  6  5  4  3  7  2  0],22.0,[11 13 15 10 12  0  5  3  9  8 14  1  6  7  4  2]
esc32e,43,2,"[ 0  1  4  5  7 15 12 18  8 31  6 21 23 19  3 11  2 16 28 20 10 24 26 17
 29 30 22 27 13 14 25  9]","['START', 'FW_LSG']",0.0,"[ 0  1  2  3  4  5 30 19 22  6  7  8 13  9 10 11 23 16 14 20 12 15 17 18
 21 24 25 26 27 28 29 31]",0.0,"[ 8  1 29 12  6  9  4  0 21 18 19 15 23 22 11 14 16 25 20 27 13 10 31 17
  5  2 30 24 28  7  3 26]",28.0,"[31 30 29 28 27 26 25 24 23 22 21 20 19 18 17 16 15 14 13 12 11 10  9  8
  7  6  5  4  3  2  1  0]",68.0,"[17 18 24  8  1 29 15 21 10 25 14  0  4  3 16 26 19  6 20 31 22 28 30  2
  5 11 27 13 23  9  7 12]"
esc32g,43,6,"[13 14 15 11 10 25 29  9 24  7 28 21 30 27 12  0 18  8 16 31 23 17  3  1
 19  4 20  2  6  5 22 26]","['START', 'FW_LSG']",0.0,"[ 0 30 28 29 31  1 14  2  3  4 12  5  8  6  7  9 10 11 13 15 16 17 18 19
 20 21 22 23 24 25 26 27]",0.0,"[ 3 22 18 16 20 28 25 23 26  5  9 11  8 24 13 10  0 29 21 30 12 31 19  6
 27  7  1 15 17  2  4 14]",22.0,"[31 30 29 28 27 26 25 24 23 22 21 20 19 18 17 16 15 14 13 12 11 10  9  8
  7  6  5  4  3  2  1  0]",32.0,"[ 3 13  2 20 18  6 29 14 26 28 21  9 25 12  0 10  4 16  1 30 31  7 19 17
  5 15 22 23  8 24 27 11]"
esc128,923,64,"[ 79  74  65  78  70  72  76  68  19   5  48  24 114  80 121 118  84  90
  31  27  47  86   8   4 122 125  15  25  46  93 119  91  42   1  10  71
  11  26 127  45  61  56  20  85  29  57  97   9 124  77 115  44  83  69
  40  53 105  98  37  17  51  33   6 104  35 109  34  62  30  89  32 110
  54  59  95  22  82 116   7  81  66  28 113  96  50 107  75 112 100 123
  13  64  52  87 106  58  39  43 126  36  41  23 111 103  63  73  14  16
  94  18  49  12   3 101 102  38  55  67 108 117  99 120   0  92   2  60
  88  21]","['START', 'FW_LS', 'OC', 'SA', 'FW_LS']",0.0,"[ 15  13   2   3   5  30   7  35   9  10  11  12  14  41  39  42  19  20
  21  22  80  24  25  26  28  29  31  33 112  36  37  38  40  43  44  45
  48  49  51  53  72  76  78  68  70  74  65  79  64  66  61  67  69  71
  63  73  75  77  81  82 110  84  85  88  89  90  91  92  93  32  96  34
  98  99 100 101 102 103 104 105  87 107 108 109  86 113 114 115  27 117
 118 119   4 121 122 123  50 125 126 127  47 111   0   1   8 124  18 120
   6  97  16  17  52 106 116  83  46  94  95  62  55  56  59  60  57  58
  23  54]",80.0,"[  8  54  57  11 110  50  62  10  15  20 123  30   7 116  12  34 109 104
  40  19  88  26 112 121  13 114  31  32  16  29  38 120  96  71  53  66
  39  42  99  44  61 126  63  60  73  55  59  97  17  21  18  22  41  14
  25 119  83 117   6  56 122 107  81  27 103  74   1  78  49  94   0  43
  51  68 113  35  89 115  36 127  85  47 100  33  87  46  84  92 106  37
  98 108  93  67  58 125  91 124   2  48 105  76  45   9 118  79 102  77
  24  52  64 101  23  72   5  95  90  75   3  82  80  65 111  28  86  70
   4  69]",232.0,"[ 73   5   4  16  31  33  44  81  36  37  76 127 111 103  54 122  52   3
  19 119  22  32  60 106  12  80  47  23 118 109  40  15  98   1  34  29
 121   9  56  94 102 113  62 115  41  95   8  88   6  17  66  25  84  26
  70  35 125  67  92  72 100  77  82  79   2  96  13  43  75  97  20  48
 126  14  45  71  57 110 107 116  11   0  86  55  78 105 112  53 101  24
  49  58  91  83  89 104  59  27  93  42 120  90  87  51  28  99  69  85
 123 114  68  74 124  64  65  21  46  18  50  39  63  61  10  38  30 117
   7 108]",218.0,"[  0 107  59  58  88 106  19  36 113  98 109  99  97  79  21  78  54  56
 124  76  37  35  23  57  31  48  44  24  86  46  93  49  95  20  91  89
  96 120  12 104  11 105 121   1  30  82  70  71  26 102  69  73  68 112
  45  28 117  77  53   5 110  32  16  40  15 114  22  14 119  61 115  81
 118  39 122  38 126  34 127 123   8  75  85 101  52  17  72  66  27  47
  50  41  92  64  13 116 100  60  65  51  55   2  10  94  62   9   7  74
  25 108  84 125  80  42  63  33   3   6  29  67 111   4  83  18  90  87
 103  43]"
had12,30,1652,[ 2  9 10  1 11  4  5  6  7  0  3  8],"['START', '2O', 'FW', 'OC', 'SA', 'FW_LSG', 'FW_LSG', 'FW_LSG', 'OC', 'SA']",0.0,[ 2  9 10  1 11  4  5  6  7  0  3  8],2.0,[ 7  9  1 10 11  4  6  5  2  0  3  8],68.0,[11 10  9  2  1  4  6  5  7  0  3  8],262.0,[ 8  5 10  1  2  4  3 11  0  9  7  6]
had14,40,2724,[ 7 12  9  4 11 10  1 13  2  5  6  0  8  3],"['START', 'FW_LSG', 'OC', 'SA', 'FW_LSG', 'FW_LSG', 'FW_LSG', 'FW_LSG', 'OC', 'SA']",0.0,[ 7 12  9  4 11 10  1 13  2  5  6  0  8  3],0.0,[ 7 12  4  9 11 10  1 13  2  5  6  0  8  3],118.0,[13 12 11 10  9  7  1  4  2  6  5  0  8  3],506.0,[ 8  5 11  0  9  3  2 13  1 10  7  6 12  4]
had16,29,3720,[ 8  3 15  0  6  7  5 13 14 10 11  9  4  2  1 12],"['START', '2O', 'FW', 'OC', 'SA', 'FW_LSG', '2O']",0.0,[ 8  3 15  0  6  7  5 13 14 10 11  9  4  2  1 12],28.0,[14 15  3  7  0  6  5 10  8 13 11  4  1 12  9  2],210.0,[15 14 13 12 11 10  9  2  7  1  5  6  0  8  4  3],474.0,[ 3 11 13  1 15  6  4  5  0 14  7 10 12  9  2  8]
had18,35,5358,[ 7 14 15  5  6 17 13 10  0  9 11  4  2 12  1 16  8  3],"['START', '2O', 'FW', 'FW_LSG', 'SA', '2O']",0.0,[ 7 14 15 13  6 17  5 10  0  9 11  4  2 12  1 16  8  3],44.0,[16  1  9 10 11  5 13 17  4  6  7  0 14  3 15  8 12  2],258.0,[17 16 15 14 13 12 11 10  9  1  6  5  8  3  4  0  2  7],658.0,[ 8 14 13 17 12  5  4  0 16 11  7 10 15  9  1  2  3  6]
had20,48,6922,[ 7 14 15 13 18  5  6 16  0 11  9 10  4 19  1  2  3  8 17 12],"['START', 'FW_LS', 'FW', 'OC', 'SA', 'FW_LS', '2O']",0.0,[ 7 14 15  5 13 18  6 10  0 11  9  4  2 19  1 16  3  8 17 12],8.0,[ 7 14 15  5 18 13  6 16  0 11  9 10  1 19  4  2  3  8 17 12],482.0,[19 18 17 16 15 14 13 12 11 10  7  6  5  3  4  0  9  2  1  8],670.0,[ 4 14 12 16 11  8  6  0 17 10  9  5 19  3  1 18 15  7  2 13]
kra30a,89,88900,"[25 23 22 15 19 18  5  9 10  1 21 17  6 29 14 20 24 28 11  8  4 16  0  7
 12 27 13  2  3 26]","['START', '2O', 'FW', 'OC', 'SA', 'FW_LSG']",0.0,"[28 19 16 15 20 18  8  9 13  7 27 26 12 10 14 23 24 25  2  5  4 22  3  1
  6 21 29 11  0 17]",12660.0,"[21  5  0 16  9  1 25 27 29  6 24 22 23 26  4 19 20 18 11 28 13  3  8  2
 17 15  7 10 12 14]",31910.0,"[29 28 27 26 25 24 23 22 21 20 19 18 17 16 15 14 13 12 11 10  9  4  5  2
  0  8  7  1  6  3]",43230.0,"[ 9  8 28 13 12  6 20 17 21 10 22 26 27 11 29 18  0 23 24  1  7 19 25 16
 15  4 14  3  2  5]"
kra30b,66,91420,"[22 25 18 24 19 21 10  7  8 13 26 29 11  5 27 23 20 17  0  6  9 28 12  4
  1 16  2 14  3 15]","['START', 'FW_LSG', 'OC', 'SA', 'FW_LS']",0.0,"[ 7 10  5 11  4  8 25 22 21 28  9 12 24 18 14  3  6  0 17 23 26 13 29 19
 16  1 15 27 20  2]",8900.0,"[18 21 25  0 22  7 19 15 17 27  4  1  5 11  9  6  3 10 28 16 20 24 23 29
 14  8 13 12 26  2]",29610.0,"[29 28 27 26 25 24 23 22 21 20 19 18 17 16 15 14 13 12 11 10  8  7  5  3
  6  9  1  2  4  0]",37830.0,"[ 7  1 11 16 15  0  6  4 10 12 21 13  8 27  9 28 22 23  3  2  5 19 14 25
 20 17 24 18 26 29]"
kra32,43,88700,"[30 22 17 20 21 18  9 10 14  8 29 28 13 11 16 25 26 27  0  6  5 24  4  2
  7 23 31 12  1 19  3 15]","['START', '2O', 'FW', 'OC', 'SA', 'FW_LSG', 'OC', 'FW_LSG']",0.0,"[ 4 10  7 11  6 14 25 21 20 29  8 12 24  0 15  5  9  1 31 22 26 13 30 23
 18  2 17 28 27  3 16 19]",12340.0,"[ 7 22 29 31 26 25 10 23  2  8  6 19  5  1 30 27 11 15 28 21 17 18 16 24
 13 14  9  4 20 12  3  0]",35910.0,"[31 30 29 28 27 26 25 24 23 22 21 20 19 18 17 16 15 14 13 12 11 10  9  4
  5  6  7  3  8  2  1  0]",44710.0,"[31 13 21 11  8 12 10  2 23 15  0  5 28 16 20 22  9 17 24 26 27  6 25 14
 30 19  4  3 18  7  1 29]"
lipa20a,43,3683,[18 16  6  0  4  8  9 11  3 15 19  5  2 13 10 14 12  7  1 17],"['START', 'FW_LSG', 'OC', 'OC', 'SA', 'FW_LSG', '2O']",0.0,[18 16  6  0  4  8  9 11  3 15 19  5  2 13 10 14 12  7  1 17],118.0,[ 4  6  3  5 14 18 19 11  1 15 17  7  8 10 12 13  9  0  2 16],195.0,[19 18 17 16 15 14 13 12 11 10  8  2  5  0  6  9  7  1  3  4],275.0,[ 1 17  0 10  9 18 14  7  6  8  2 19  5 12 16  4 11  3 13 15]
lipa20b,48,27076,[ 0  1  2  3  4  5  6  7  8  9 10 11 12 13 14 15 16 17 18 19],"['START', '2O']",0.0,[ 0  1  2  3  4  5  6  7  8  9 10 11 12 13 14 15 16 17 18 19],4539.0,[16  1  8  9 13 12 10 11 14 15  4  2 19  3  6  0  5 18  7 17],6094.0,[19 18 17 16 15 14 13 12 11 10  7  5  0  9  3  6  8  2  1  4],0.0,[ 0  1  2  3  4  5  6  7  8  9 10 11 12 13 14 15 16 17 18 19]
lipa30a,66,13178,"[ 8 12 21 16 24 22 28 11 10  5  4 27 19 26 25  3 17  7 18 29 20  6 14 23
 13  2 15  0  9  1]","['START', 'FW_LS', 'FW', 'OC', 'SA', 'FW_LSG', 'OC', '2O']",0.0,"[ 8 12 21 16 24 22 28 11 10  5  4 27 19 26 13  3 17  7 18 29 20  6 14 23
 25  2 15  0  9  1]",325.0,"[17  0 28 15  6 21  3  2 16  4 27 20 22 11 24 18 12 25  7  5  1 10 14 29
 23 19 13 26  8  9]",520.0,"[29 28 27 26 25 24 23 22 21 20 19 18 17 16 15 14 13 12 11 10  7  0  3  5
  9  8  2  1  4  6]",570.0,"[ 1 14 18 16 29 25 23 10 20 12  9  5  4 11  8 19  0 28 17 24 15 22  3  6
 21  2 27 13 26  7]"
lipa30b,89,151426,"[ 0  1  2  3  4  5  6  7  8  9 10 11 12 13 14 15 16 17 18 19 20 21 22 23
 24 25 26 27 28 29]","['START', 'FW_LSG', 'OC', 'SA', 'FW_LS']",0.0,"[ 0  1  2  3  4  5  6  7  8  9 10 11 12 13 14 15 16 17 18 19 20 21 22 23
 24 25 26 27 28 29]",28682.0,"[10 15 17 14  6 23 29  8 25 21 27 18  2  1  3 24 12 19  7 28  4 20 13 11
 16  9 26  5 22  0]",33043.0,"[29 28 27 26 25 24 23 22 21 20 19 18 17 16 15 14 13 12 11 10  7  8  3  5
  1  6  4  2  0  9]",0.0,"[ 0  1  2  3  4  5  6  7  8  9 10 11 12 13 14 15 16 17 18 19 20 21 22 23
 24 25 26 27 28 29]"
lipa40a,114,31538,"[ 6  5 13 26 18 36 20  1 15  0 39 23 29 22  4 27 21  7 19 34 31 25 28  2
  3 10 35  9 12 37  8 16 30 17 32 14 24 33 38 11]","['START', '2O', 'FW', 'OC', 'SA', 'FW_LSG', 'FW_LSG', 'FW_LSG', 'OC', 'OC', 'OC', 'OC', 'OC', 'OC', 'OC', 'OC', 'OC', 'SA', '2O']",344.0,"[ 6 29  3  4 19 36 20  1 38 30  2 27 26 39 13 34 28 37 18 22 31 25 17  8
 35 16 10 23 12  7 24 21  5 15 33 14  9 32  0 11]",630.0,"[30 16 37  6  2 26 21 18  3 35 29 36 13  5 22 19  1  0  7 27 38 31 11 10
 28 23 17 12 25  8  4 14 15  9 33 32 39 24 34 20]",998.0,"[39 38 37 36 35 34 33 32 31 30 29 28 27 26 25 24 23 22 21 20 19 18 17 16
 15 14 13 12 11 10  7  6  1  9  4  3  2  8  5  0]",1143.0,"[ 7 20  4 30 13 14  1 27  5 12 28 39 15  9 16 38 19 35 21 22 24 26 25 23
 37  2 34 11 18 33 17  6  3  0 29 10 36 32  8 31]"
lipa40b,114,476581,"[ 0  1  2  3  4  5  6  7  8  9 10 11 12 13 14 15 16 17 18 19 20 21 22 23
 24 25 26 27 28 29 30 31 32 33 34 35 36 37 38 39]","['START', 'FW_LSG']",0.0,"[ 0  1  2  3  4  5  6  7  8  9 10 11 12 13 14 15 16 17 18 19 20 21 22 23
 24 25 26 27 28 29 30 31 32 33 34 35 36 37 38 39]",102490.0,"[26 25 14  3 12  2 34 36 15 13  8 31 19 18 22 39 23 32 27  6 10 21  4  1
  7 16  0 20 30 29  5 37 17 28 33 35 38 24 11  9]",133481.0,"[39 38 37 36 35 34 33 32 31 30 29 28 27 26 25 24 23 22 21 20 19 18 17 16
 15 14 13 12 11 10  9  2  3  5  1  4  6  7  0  8]",0.0,"[ 0  1  2  3  4  5  6  7  8  9 10 11 12 13 14 15 16 17 18 19 20 21 22 23
 24 25 26 27 28 29 30 31 32 33 34 35 36 37 38 39]"
lipa50a,162,62093,"[27 31 36 38 48 22 18 43 32  6 13 29 14  4 35  5 16 25 47 24 39  2 44 26
 17 30 28 15  8 11  0  7  3  1 49 20 42 34 23 37 33 45 41 12 19 21 40 46
  9 10]","['START', 'FW_LS', 'FW', 'OC', 'SA', 'FW_LSG', 'FW_LS', '2O']",619.0,"[15 26 36  3 16 30 18 10 32 11 29 33  0 19  8 21 20 24 47  4 37  2 25 31
 28 42 12  5 44 40 23 35 46  9 34 38 43 17  7 27 13 45 39  1 14 49 22  6
 41 48]",1074.0,"[46 16  3 15 28 48  5 33 37 31  8 40 27 34 49 14 24 17 12 13 18 39  7 25
 22 29 42 41 10 21 26  6  2 35 11 45 36 20  9 47 44 43 32 19 30 23 38  1
  4  0]",1657.0,"[49 48 47 46 45 44 43 42 41 40 39 38 37 36 35 34 33 32 31 30 29 28 27 26
 25 24 23 22 21 20 19 18 17 16 15 14 13 12 11 10  7  5  4  9  8  2  0  6
  1  3]",1828.0,"[37  2 36  6 31 16  3 17 18  0 22 35 39 42  8 47 21 12 14 43 32 34 27 10
 44 25 19 11 26 33 48 24 20 13  7  4 46  1 28 30 29  5 41 49  9 23 40 15
 38 45]"
lipa50b,162,1210244,"[ 0  1  2  3  4  5  6  7  8  9 10 11 12 13 14 15 16 17 18 19 20 21 22 23
 24 25 26 27 28 29 30 31 32 33 34 35 36 37 38 39 40 41 42 43 44 45 46 47
 48 49]","['START', 'FW_LSG']",0.0,"[ 0  1  2  3  4  5  6  7  8  9 10 11 12 13 14 15 16 17 18 19 20 21 22 23
 24 25 26 27 28 29 30 31 32 33 34 35 36 37 38 39 40 41 42 43 44 45 46 47
 48 49]",262429.0,"[11 37 44 15 35 30 10  9  3 23 40 36 22 47 48 21 25 14 42 38  0 27  2 18
 17 32  6 20 29 43  5 45  1 16 49  4 31 41  8 46  7 28 26 33 24 39 13 19
 34 12]",326112.0,"[49 48 47 46 45 44 43 42 41 40 39 38 37 36 35 34 33 32 31 30 29 28 27 26
 25 24 23 22 21 20 19 18 17 16 15 14 13 12 11 10  5  1  6  8  0  2  3  7
  4  9]",0.0,"[ 0  1  2  3  4  5  6  7  8  9 10 11 12 13 14 15 16 17 18 19 20 21 22 23
 24 25 26 27 28 29 30 31 32 33 34 35 36 37 38 39 40 41 42 43 44 45 46 47
 48 49]"
lipa60a,243,107218,"[24 47 16  3 49 12 15 40  0 36 21 26 45 33 37 11  8  2  7 32 46 53 30 42
 39  9 34 22 28 56  1  5 50 55 48 20 29 35 14 38 58 17 51 27 25 43 13 59
 31  4 19 10 54 44 52 23 41  6 57 18]","['START', '2O', 'FW', 'OC', 'SA', 'FW_LSG', '2O']",924.0,"[30  7 41  4 19 55 57 24 58 39 44 18  9 14 12 42  5 16 27 33  3 34 59 13
 31 21 43 11 52  1 35 37 49 53 28 20 47 29 22 40 23  6  2 45  8 38 26 48
 10 46 32 36 54 15 50 25 17 51  0 56]",1723.0,"[ 2 17  0 25 33 36 55 43 53 42 11 23 28 15  9  4 29 59 45  8 44 35 41  6
 26 54 56 32 27 34 52 13 18 31 50 51 19  7 38 39 10 48 16 12 49  5 22 24
 47 40 14 20 30 46  3 21  1 57 58 37]",2555.0,"[59 58 57 56 55 54 53 52 51 50 49 48 47 46 45 44 43 42 41 40 39 38 37 36
 35 34 33 32 31 30 29 28 27 26 25 24 23 22 21 20 19 18 17 16 15 14 13 12
 11 10  2  0  1  4  3  6  9  7  5  8]",2958.0,"[21 29 30 11 53  5 33 55 16 43 38  9 18 37 12  4  1 46 52 17  0  8 56 34
 25 57 32 58  6 27 44 15  2 51 26 50 54 20 39 59 14 23  7 35 48 10 45 28
 24 36 47 31 19 13 40  3 22 41 42 49]"
lipa60b,243,2520135,"[ 0  1  2  3  4  5  6  7  8  9 10 11 12 13 14 15 16 17 18 19 20 21 22 23
 24 25 26 27 28 29 30 31 32 33 34 35 36 37 38 39 40 41 42 43 44 45 46 47
 48 49 50 51 52 53 54 55 56 57 58 59]","['START', 'FW_LSG', 'OC', 'SA', 'FW_LS']",0.0,"[ 0  1  2  3  4  5  6  7  8  9 10 11 12 13 14 15 16 17 18 19 20 21 22 23
 24 25 26 27 28 29 30 31 32 33 34 35 36 37 38 39 40 41 42 43 44 45 46 47
 48 49 50 51 52 53 54 55 56 57 58 59]",580130.0,"[12  2 57 49 25  4  3 59 52 19 32 43 29  8  6 54 34 58 46 56 27 41  5 35
 40 48 53  1 22 13 33 51 26  7  0 37 30 21 44 31 39 20 55 36 18 17 15 10
 47 50 16 24 14  9 45 28 42 38 23 11]",693781.0,"[59 58 57 56 55 54 53 52 51 50 49 48 47 46 45 44 43 42 41 40 39 38 37 36
 35 34 33 32 31 30 29 28 27 26 25 24 23 22 21 20 19 18 17 16 15 14 13 12
 11 10  4  6  7  1  0  3  8  5  2  9]",0.0,"[ 0  1  2  3  4  5  6  7  8  9 10 11 12 13 14 15 16 17 18 19 20 21 22 23
 24 25 26 27 28 29 30 31 32 33 34 35 36 37 38 39 40 41 42 43 44 45 46 47
 48 49 50 51 52 53 54 55 56 57 58 59]"
lipa70a,333,169755,"[36 38 24 48 33 34 60  4  9 12 19  1 57  2 54 58 30 10 31 68 69 18 11 66
 23 64 20 25 26  5 63 61 21 28 32 15 13 50 47 29  0 40 56 37  8 17 67 62
 44 41 65 51 59 49 22 46 43 16  7 42 14 45 53 55 35 52  6  3 27 39]","['START', '2O', 'FW', 'OC', 'SA', 'FW_LSG', 'FW_LSG', 'FW_LSG', 'OC', 'OC', 'OC', 'OC', 'OC', 'OC', 'OC', 'OC', 'OC', 'SA', '2O']",1305.0,"[ 4  2 65 43 33 47 31  6 13 35 56 34 40 42 17 44 53  9 10  1 19 45 37 16
 23 46 38 61 68 67  0 50  7 18 55 59 32 58 12 25 63 20 49 22 52 39  5 27
 54 62 15 69 26 41 24 14  3 48 64 51 66 36 29 21 11 60 30 28 57  8]",2307.0,"[31 48 58  2 12  5 44 56 37 27 36 38 49 67 62 43 61 16 23 18 20 60 25 68
 63 69 15 30 28 17 64 57 55 50 11 35 47 39  4 13 33 59 19 24 29  8  0 66
  1 42 65 22 46 26  3 14 52 34 53 41 45  9  7 51 32 10 54 40  6 21]",3455.0,"[69 68 67 66 65 64 63 62 61 60 59 58 57 56 55 54 53 52 51 50 49 48 47 46
 45 44 43 42 41 40 39 38 37 36 35 34 33 32 31 30 29 28 27 26 25 24 23 22
 21 20 19 18 17 16 15 14 13 12 11 10  4  3  2  8  5  7  6  9  0  1]",4348.0,"[16 28 38  3  6 32 48  2 37 29 11 24 55 25 52 20 41 65 14 31 22 13 26 50
 18  4 47 51 66  7 43 33 46 44 45 59 15 56 36  5 30 57 49 23 17  1 10 69
 35 54 61 58  8 40  0  9 21 12 63 67 60 68 27 53 19 42 34 64 62 39]"
lipa70b,333,4603200,"[ 0  1  2  3  4  5  6  7  8  9 10 11 12 13 14 15 16 17 18 19 20 21 22 23
 24 25 26 27 28 29 30 31 32 33 34 35 36 37 38 39 40 41 42 43 44 45 46 47
 48 49 50 51 52 53 54 55 56 57 58 59 60 61 62 63 64 65 66 67 68 69]","['START', 'FW_LSG', 'OC', 'SA', 'FW_LS']",0.0,"[ 0  1  2  3  4  5  6  7  8  9 10 11 12 13 14 15 16 17 18 19 20 21 22 23
 24 25 26 27 28 29 30 31 32 33 34 35 36 37 38 39 40 41 42 43 44 45 46 47
 48 49 50 51 52 53 54 55 56 57 58 59 60 61 62 63 64 65 66 67 68 69]",1144863.0,"[48 28  7 67 32 47 31 64  5 30 57 69 61 25 16 59 11 53  0 56 45 49  4 52
 41 27 55  3 26 23 10  2 42 39 44 51 19 15 29 13 37 63 22 34 14 17  9 54
 35  1  6 40 33 21  8 66 38 24 60 68 20 46 65 12 43 58 62 50 36 18]",1314855.0,"[69 68 67 66 65 64 63 62 61 60 59 58 57 56 55 54 53 52 51 50 49 48 47 46
 45 44 43 42 41 40 39 38 37 36 35 34 33 32 31 30 29 28 27 26 25 24 23 22
 21 20 19 18 17 16 15 14 13 12 11 10  2  8  0  9  4  3  1  5  7  6]",0.0,"[ 0  1  2  3  4  5  6  7  8  9 10 11 12 13 14 15 16 17 18 19 20 21 22 23
 24 25 26 27 28 29 30 31 32 33 34 35 36 37 38 39 40 41 42 43 44 45 46 47
 48 49 50 51 52 53 54 55 56 57 58 59 60 61 62 63 64 65 66 67 68 69]"
lipa80a,464,253195,"[22 71 78 12 65 44  7 70 58 77 39 36 38 45  5 68 56 73 16 66  0  1 28 49
 21 79 13 69 40  9 61 26  6 62 55 46 11 19 50 29 53 33 76 43 74 17 27 35
 75 48 20 60  4 24 31  2 42 18 63 34 52 47 10 32 25 51 72 67  8 15 57 23
 14 64 54 59 30 41 37  3]","['START', 'FW_LS', 'FW', 'OC', 'SA', 'FW_LSG', 'FW_LSG', 'FW_LSG', 'OC', 'SA', 'OC', 'FW_LS', 'OC', 'OC', 'OC', 'OC', 'OC', 'SA', '2O']",1662.0,"[19 29 45 28 78 54 39 53 77 15 44 49 72 34 18  7 76 60  2 37 36  5 74 46
 47 61 40 66 73 55 64 21 65 26 50 79 13 62 32 38 43 16 30 10 59  3 22  8
 35  4  1 71 27 56 11 25  9 20 68 51 58 42  6 75 70 31 17 12 48 33  0 63
 69 23 14 67 24 57 41 52]",3300.0,"[32 55 25  7 59 28 76 30 54  6  3 23 29 74 22 67 33  2 26 63 75 40  4 62
 78 77 57 14 18 35 73 17 27 48 13 69 39 64 41 11 71 50 45  9 56 46 16 51
 19  1 12 44 24 49 15 34  0 72 20 31 65 70  5 47 52  8 58 37 66 53 79 36
 10 60 42 68 38 61 43 21]",4801.0,"[79 78 77 76 75 74 73 72 71 70 69 68 67 66 65 64 63 62 61 60 59 58 57 56
 55 54 53 52 51 50 49 48 47 46 45 44 43 42 41 40 39 38 37 36 35 34 33 32
 31 30 29 28 27 26 25 24 23 22 21 20 19 18 17 16 15 14 13 12 11 10  2  0
  7  5  6  3  1  9  8  4]",5305.0,"[51 22 33 78 56 21 64 72 48 30  9 61 57 32 45 46 77 52 14 17 37  5 50 74
 55 43 38 34  0  8 25 49 31 10 20 66 73 12 16 44 35  7 40  6 36 53 63  1
 28 79 13 76 54 75 27 65 41 11  3 15  2 60 24  4 23 71 39 18 62 69 67 19
 68 42 59 26 47 29 58 70]"
lipa80b,464,7763962,"[ 0  1  2  3  4  5  6  7  8  9 10 11 12 13 14 15 16 17 18 19 20 21 22 23
 24 25 26 27 28 29 30 31 32 33 34 35 36 37 38 39 40 41 42 43 44 45 46 47
 48 49 50 51 52 53 54 55 56 57 58 59 60 61 62 63 64 65 66 67 68 69 70 71
 72 73 74 75 76 77 78 79]","['START', 'FW_LSG', 'OC', 'SA', 'FW_LS', 'FW_LS', 'FW_LSG']",0.0,"[ 0  1  2  3  4  5  6  7  8  9 10 11 12 13 14 15 16 17 18 19 20 21 22 23
 24 25 26 27 28 29 30 31 32 33 34 35 36 37 38 39 40 41 42 43 44 45 46 47
 48 49 50 51 52 53 54 55 56 57 58 59 60 61 62 63 64 65 66 67 68 69 70 71
 72 73 74 75 76 77 78 79]",1966834.0,"[69 63 50 37 62 31 21 47 79 64 23 17 26 56 70 71 73 28 66 67 40 77 15 46
 19 16 48 54 14  2 72 33 32 36 57 68  6 10 25 41  8 42 58 75 61 35 30 22
 74 60  5 51  4 13 76 18  9  7 59 53 44 65 49 38 78  0 39 27 45 34 11 20
 12 43  3 52 29 55 24  1]",2369697.0,"[79 78 77 76 75 74 73 72 71 70 69 68 67 66 65 64 63 62 61 60 59 58 57 56
 55 54 53 52 51 50 49 48 47 46 45 44 43 42 41 40 39 38 37 36 35 34 33 32
 31 30 29 28 27 26 25 24 23 22 21 20 19 18 17 16 15 14 13 12 11 10  4  2
  3  1  0  7  9  6  5  8]",0.0,"[ 0  1  2  3  4  5  6  7  8  9 10 11 12 13 14 15 16 17 18 19 20 21 22 23
 24 25 26 27 28 29 30 31 32 33 34 35 36 37 38 39 40 41 42 43 44 45 46 47
 48 49 50 51 52 53 54 55 56 57 58 59 60 61 62 63 64 65 66 67 68 69 70 71
 72 73 74 75 76 77 78 79]"
lipa90a,559,360630,"[21 10 40 11 20 38 36 35 56 34 43 73  9  2  8 12 58 77 69 31 37 24 59 71
 70 23 41 85 76 48  6 26 79 86  1 80 14 78 25 89 15 39  0 55 66  5 46 82
 65 17 29 67 13 81 45 19 62 57 87 61 60 83 30 54 68 53 88 28 51 52 16 63
 84 32 27  7 44 49 18 72  3 33 74 75  4 50 42 22 64 47]","['START', '2O', 'FW', 'OC', 'SA', 'FW_LSG', 'FW_LSG', 'FW_LSG', 'OC', 'OC', 'OC', 'OC', 'OC', 'OC', 'OC', 'OC', 'OC', 'SA', '2O']",2369.0,"[31  3 46 85 89 43 22 62 29 18 12 27 44 84 79 25 58 66 69 64  9 87  0 75
 59 26 41 47 40 11 15 28  6 42 61 24 30 65 77 81 71 37 82 72 13 56 86 23
 57 80 50 60 83 55 51 68 88 52 33 78 20  4 54 67  7 53  8 19 74 39 73 32
 49 45 35 48 17 16 76 21 70  2 34  5 38 14  1 36 63 10]",4575.0,"[ 2 19 16 11  7 58  5 13 57 69  4 87 22 12 51 56 64 54 71 88 32 20 80 25
 65 31  3 55  0 78 43 68 44 42 29 63 26 39 59 83 17 18 52 85 27 73 74 53
 41 28 15 40 79 34 38 82  8 66 77 70  1 84 50 62 10 60 49  6 23 89 37 45
 72 35 81 67 76 48 47 24 33 46 36 21 30 14 75 61 86  9]",6703.0,"[13  6 43 87 17 45 77 23 72 12 24 78 39 51  4 20 88  9 60 57 28 75 76 11
 86 10 69 40 83 67 59 35 36 66 21 84 64 82 29 58 27 80  7 81 71 62  0 53
 52 26 14 50 68 54  5  8 38  2 44 15 73 37 89 41 79 49 30 32 22 42 18 70
 74  3 47 65 16 46 55 56 33 34 63 31  1 19 61 85 48 25]",6665.0,"[14 71 53 70 44 88  0 73 22 13 58 34 83 55 27  6 68 32 28 43 69 24 42 50
 52 10 37 51 35 29 81 77 26  2 20  5  7 66  1 45 31 41 78 17 79 82 86 62
  8 49 36 75 25 30  3 23 16 11 84 87 63 38 76 57 60 47 12 15 80 40 61 18
 74 19 54 33 59 48  9 85 64 46 67  4 39 65 72 89 56 21]"
lipa90b,559,12490441,"[ 0  1  2  3  4  5  6  7  8  9 10 11 12 13 14 15 16 17 18 19 20 21 22 23
 24 25 26 27 28 29 30 31 32 33 34 35 36 37 38 39 40 41 42 43 44 45 46 47
 48 49 50 51 52 53 54 55 56 57 58 59 60 61 62 63 64 65 66 67 68 69 70 71
 72 73 74 75 76 77 78 79 80 81 82 83 84 85 86 87 88 89]","['START', 'FW_LSG', 'OC', 'SA', 'FW_LS', 'FW_LS']",0.0,"[ 0  1  2  3  4  5  6  7  8  9 10 11 12 13 14 15 16 17 18 19 20 21 22 23
 24 25 26 27 28 29 30 31 32 33 34 35 36 37 38 39 40 41 42 43 44 45 46 47
 48 49 50 51 52 53 54 55 56 57 58 59 60 61 62 63 64 65 66 67 68 69 70 71
 72 73 74 75 76 77 78 79 80 81 82 83 84 85 86 87 88 89]",3140840.0,"[17 75 53 79 88 15 34  3 67 13  2 65 56 39 52  5 22  4  1 89 48  9 74 28
 73 33 59 66 24 41 30 51 42 31  0  7 55 49 44 16 23 38 12 87 77  6 68 78
 54 47 40 85 69 81 29 84 80 36 45 20 26 11 64 82 61 25 60 37 62 70 14 57
 86 76 35 19 46 18 43  8 10 27 63 72 58 83 21 50 32 71]",3771029.0,"[ 4 72 56 30  9 89 12 31 63 49 61 41 13 67  2 10 76 64 78 20 21 57 69 25
 83  6 32 66 58 39 46  3  1 22 54 70 36 26 55 52 38 71 86 15 35 80 16 53
 85 68 84 51 43 81 34 18 14 45 74 47 28  8 17 88 73 50 11  0 65 42 29 37
 59 77 82 87 23 27 40 62 24 75 44 33  5 48 60 79  7 19]",3764874.0,"[85 49 21 46  9 17  0 72 66  1 16  5 43 87 11  6 86 20 35 84 50 80 70 74
 45 19 81 22 82 30 73 78 67 60 52 42 28 53 51 88 36 62 63 68 26 58 59 48
 54 44 12 27 33 13 77 64 25 61  7  4 31 65 83 75 76 79 34 55 89 56  2 71
 40 24 15 47 57 69 38  3 14 39 29 10 18  8 32 37 41 23]"
nug12,30,578,[11  6  8  2  3  7 10  0  4  5  9  1],"['START', 'FW_LSG', 'FW_LSG', 'FW_LSG', 'SA']",0.0,[ 1  9  5  4  0 10  7  3  2  8  6 11],12.0,[ 4  5  9  1 11  6 10  8  3  7  0  2],36.0,[11 10  8  5  3  7  6  4  0  2  1  9],208.0,[ 4  8  0  7 11 10  2  6  1  9  5  3]
nug14,40,1014,[ 8  7 12  1  0 10  6 13  2  3 11  4  5  9],"['START', '2O', 'OC', 'OC', 'SA', 'SA', 'SA', 'SA', 'SA', 'SA']",0.0,[ 8  7 12  1  0 10  6 13  2  3 11  4  5  9],34.0,[10  8 12  1  0  6  7 13  3  5 11  4  2  9],78.0,[13 12 11 10  8  2  1  6  7  4  3  0  9  5],386.0,[ 5  0  7  2  8  4 12 11  6  9 10 13  1  3]
nug15,38,1150,[ 0  1 12  7  8  3  2 13  6 10  9 14  5  4 11],"['START', 'FW_LSG', 'OC', 'SA', 'FW_LS']",0.0,[ 9 14  5  4 11  3  2 13  6 10  0  1 12  7  8],16.0,[ 1 12  3 13  5  0  8  2  4 14 10  7  6 11  9],80.0,[14 13 12 11 10  9  2  1  8  7  5  3  0  4  6],210.0,[14  9 12 13  6  5  1  2  3 10  4  0  8  7 11]
nug16a,32,1610,[ 8 13  1 14 15  2  9 11  7 10  5  4  6  0  3 12],"['START', '2O', 'FW', 'OC', 'SA', 'FW_LSG']",0.0,[ 8 13  1 14 15  2  9 11  7 10  5  4  6  0  3 12],28.0,[ 3  1 13  2  8  7 14 11  9 12 10  6  0  4  5 15],280.0,[15 14 13 12 11 10  9  7  4  0  3  1  2  5  6  8],504.0,[ 3  6  4  1 13 14  8 12 15  9  2  7 10  5 11  0]
nug16b,32,1240,[15 11 12  7  3  1  8 10 14  9  6  2 13  5  0  4],"['START', '2O', 'OC', 'OC', 'SA', 'SA', 'FW_LSG']",0.0,[ 7 10  2  4 12  8  6  0 11  1  9  5 15  3 14 13],38.0,[13 14  3 15  5  6  9  1  0  2  8 11  4 10 12  7],176.0,[15 14 13 12 11 10  9  6  7  1  3  8  2  4  5  0],404.0,[ 7  9  2 13  3 11  6  0  5 10  1  8  4 15 14 12]
nug17,43,1732,[15 14  1 13  8 10  7 11  9  2  3  0  6  5 12 16  4],"['START', '2O', 'FW', 'OC', 'SA', 'FW_LSG', 'FW_LSG', 'FW_LSG']",0.0,[15 14  1 13  8 10  7 11  9  2  3  0  6  5 12 16  4],52.0,[15 11  1 13  8  0  7 14  9  2  6 10  4  5 12 16  3],208.0,[16 15 14 13 12 11 10  7  9  8  6  0  4  2  5  3  1],586.0,[16  2 13  0 10 14 11  5  4 12  1  6  9  8  7  3 15]
nug18,35,1930,[ 9  2 13  1 17  5  6 11 14  3  4  0 10  7 16 12  8 15],"['START', 'FW_LSG', 'OC', 'SA', 'FW_LS']",0.0,[ 9  2 13  1 17  5  6 11 14  3  4  0 10  7 16 12  8 15],104.0,[12  0  7 11  8  5  6 14 10 15  4  3  1  9 13 16  2 17],328.0,[17 16 15 14 13 12 11 10  9  8  4  0  7  1  2  5  6  3],598.0,[ 6  7  1 12 10 16 11  3  4  5 13  8 17  9  2 14 15  0]
nug20,61,2570,[17 13  9  2  8  3  1 11 10 15 18 14 19  7 12 16  4  6  0  5],"['START', 'FW_LS', 'FW', 'OC', 'SA', 'FW_LSG', 'FW_LSG', 'FW_LSG', 'OC', 'SA']",0.0,[ 5  0  6  4 16 12  7 19 14 18 15 10 11  1  3  8  2  9 13 17],174.0,[15 13  8  2 17  3  1 10  0  9 18 14  7  4 16  6 19 11 12  5],444.0,[19 18 17 16 15 14 13 12 11 10  7  1  4  6  3  2  9  5  0  8],1010.0,[18  2  9  7 10  5 13 16 14  8 17 12 15  3  6 19  0  4  1 11]
nug22,34,3596,[ 1 20  8  9  6  2  0 18  7 19 16  4 12  5 11 15 10 21 17  3 13 14],"['START', '2O', 'FW', 'OC', 'SA', 'FW_LSG', 'FW_LSG', 'FW_LSG', 'OC', 'SA']",0.0,[ 4 12  5 11 15 10 21 17  3 13 14  1 20  8  9  6  2  0 18  7 19 16],238.0,[ 3 10 15  8 12  9  6  7 18  0 16 13 19 14 20  5 11 21  2 17  1  4],844.0,[21 20 19 18 17 16 15 14 13 12 11 10  9  0  7  6  2  8  3  5  1  4],1744.0,[14 10 19 20 21  3 17 15  8  5  6  2  7 11  1 18 12 13 16  0  9  4]
nug24,69,3488,[16  7 10 22  3 19 14 18 21 17  2 13  0  9  6  8 15 20 23 11  5 12  4  1],"['START', 'FW_LSG', 'OC', 'SA', 'FW_LS', 'OC', 'FW_LSG', 'FW_LSG', 'OC', 'SA']",0.0,[19  3 22 10  7 16 13  2 17 21 18 14 20 15  8  6  9  0  1  4 12  5 11 23],336.0,[ 3 13 23  7 19 16 22 17  0 18  8  9 10  2 11  6 15  4 14 21  5 12 20  1],824.0,[23 22 21 20 19 18 17 16 15 14 13 12 11 10  6  7  5  3  0  9  8  2  4  1],802.0,[ 2 17 21 18 23 16  8  7 15  9 20 10  4 22 12  6  0 13  1 11  5 14 19  3]
nug25,54,3744,"[ 4 10 19 14 21  1 24  7  8  0 17 15  2  5 18 23 20 13  6  9 16 11  3 22
 12]","['START', 'FW_LSG', 'OC', 'OC', 'SA', 'FW_LSG', '2O']",0.0,"[ 4 10 19 14 21  1 24  7  8  0 17 15  2  5 18 23 20 13  6  9 16 11  3 22
 12]",142.0,"[11 16  2 17 23  3 10  6 15 20 13 24  7  5  9 22  1  8 18 19 12  4 14  0
 21]",1010.0,"[24 23 22 21 20 19 18 17 16 15 14 13 12 11 10  9  6  5  8  1  3  0  2  7
  4]",1258.0,"[ 9  2  3 15  4  7 13 12 17 18  0 20 23 11 24  6 21  1  8 14  5 19 22 10
 16]"
nug27,74,5234,"[22 17  2  0 26 16  4 11  6 14  3 25  7 18 19  1 23 20 13  9  8 12 21 24
  5 15 10]","['START', '2O', 'FW', 'OC', 'SA', 'FW_LSG', 'FW_LSG', 'SA', 'SA', 'SA']",0.0,"[22 17  2  0 26 16  4 11  6 14  3 25  7 18 19  1 23 20 13  9  8 12 21 24
  5 15 10]",248.0,"[22 18 12  8  9  2  5 15  3 23  6 11  1 10 26  7 25  4 14 19  0 13 16 20
 17 21 24]",1574.0,"[26 25 24 23 22 21 20 19 18 17 16 15 14 13 12 11 10  6  2  0  9  5  4  7
  1  8  3]",2082.0,"[ 5 12  8  6 18 15  2 20  4 11 25  9 21  7 22 10  3  1 14 16 23  0 24 17
 26 13 19]"
nug28,71,5166,"[17 20  8  0 27 19 10  2 12 11  9 18 13 21 14  1 24 15  3 22  6 16 23 25
  4 26  7  5]","['START', 'FW_LS', 'FW', 'OC', 'SA', 'FW_LSG', 'FW_LSG', 'FW_LSG', 'OC', 'OC', 'SA']",0.0,"[17 14 12  6 21 15 10  4  8  9 11 16  7 27 20  5 24 19  3 26  0 18 25 23
  2 22 13  1]",374.0,"[18 13  3 14  6 27 10  9 17 19 25  5 20  0 21 15 12  2 16  1  8 24  4 11
 23 26  7 22]",1366.0,"[27 26 25 24 23 22 21 20 19 18 17 16 15 14 13 12 11 10  8  0  7  9  3  6
  2  4  5  1]",1454.0,"[24 11  8 27 15 13  3 23  6 12 10  5  2  4 18  7  9 22 26 20  1 16  0 25
 21 17 19 14]"
nug30,66,6124,"[ 4 11  5 12  1 20 25 23  9  8 28 27 16  0  7  6 18 24 22 21 10 15 29  3
 14 17 26  2 13 19]","['START', 'FW_LSG', 'OC', 'SA', 'FW_LS']",0.0,"[20  1 12  5 11  4 27 28  8  9 23 25 24 18  6  7  0 16  3 29 15 10 21 22
 19 13  2 26 17 14]",554.0,"[19 13 22 17 28  4  2  5 15 21 29 14  3 10  6  7 18 26 20 12  8  0  9  1
 27 11 24 23 25 16]",1676.0,"[29 28 27 26 25 24 23 22 21 20 19 18 17 16 15 14 13 12 11 10  7  9  5  1
  0  3  6  8  2  4]",1868.0,"[ 3 28 25 12 29 10 14  2 26 22 15 11 16  6  0 20 17  7 13 18 24  9  8  5
  4 23 27  1 19 21]"
rou12,26,235528,[ 5  4 10  8  1  7  2  0 11  6  3  9],"['START', 'FW_LSG', 'OC', 'SA', 'FW_LS', 'FW_LS', 'FW_LS', 'FW_LSG', 'OC', 'SA']",0.0,[ 5  4 10  8  1  7  2  0 11  6  3  9],10202.0,[ 8 10  7  0  9  4  2  5  3  6 11  1],4596.0,[11 10  8  9  0  1  3  7  5  6  4  2],73326.0,[ 9  8  6  3  4  1 11  2 10  7  5  0]
rou15,38,354210,[11  5  7 12  4  2 14  1  6  0  8  9  3 13 10],"['START', 'FW_LSG', 'OC', 'SA', 'FW_LSG', 'FW_LSG']",0.0,[11  5  7 12  4  2 14  1  6  0  8  9  3 13 10],33472.0,[11  1  8  2 12  9 13  3  0  6  7 14  4 10  5],27542.0,[14 13 12 11 10  8  3  9  6  1  2  7  0  5  4],85158.0,[ 4  3  2  8 11  7 10  6  9  1 14  0 12 13  5]
rou20,43,725522,[ 0 18  1 13  9 15 10 19  8  4  6  3  7 17 14  2 11 16 12  5],"['START', '2O', 'FW', 'OC', 'SA', 'FW_LSG']",0.0,[ 0 18  1 13  9 15 10 19  8  4  6  3  7 17 14  2 11 16 12  5],24864.0,[ 0 19 11 12  4 10 17  3  5  9  6 16  1 18 14  7  2 15 13  8],116242.0,[19 18 17 16 15 14 13 12 11 10  9  3  4  8  5  0  2  7  1  6],207052.0,[19 10 16  0  1 13 18  8 12  2 11 15  7  6  3  5 14  4 17  9]
scr12,30,31410,[ 7  5  2  1  9  0  4  8  3  6 11 10],"['START', 'SA', 'FW_LS']",0.0,[ 4  6  1  2 10  3  7 11  0  5  8  9],5176.0,[11  6  9  2  0  3  5  1 10  8  7  4],3064.0,[11 10  8  9  2  5  6  7  4  0  3  1],32624.0,[10  0  4  7 11  9  1  6  8  2  3  5]
scr15,38,51140,[14  6 10  7  0  3  2  1 11  5 12  4 13  9  8],"['START', 'FW_LSG', 'OC', 'SA', 'FW_LS']",0.0,[14  6 10  7  0  3  2  1 11  5 12  4 13  9  8],11686.0,[ 7  6 10  2  3  1  5  9 14  4 11  0 13  8 12],24502.0,[14 13 12 11 10  9  6  2  8  5  3  7  0  4  1],49124.0,[ 4  7  6  1 11  9  5  3 14 13  2  8 10 12  0]
scr20,43,110030,[19  6 11  5  3  7  2  1 13 10 17  8 18 14 15 16 12  4  9  0],"['START', 'FW_LS', 'OC', 'OC', 'SA', 'FW_LSG', 'FW_LSG', 'FW_LS', 'OC', 'SA']",0.0,[19  6 11  5  3  7  2  1 13 10 17  8 18 14 15 16 12  4  9  0],13926.0,[19  8 18 12  2 16  4  5 15 17  7  9  3 14  6 11 10  0 13  1],39306.0,[19 18 17 16 15 14 13 12 11 10  7  9  2  6  1  3  5  0  8  4],140382.0,[ 0 12 10 15 14 13  2  8  4  9 11 16 19  7 18 17  5  6  3  1]
sko42,124,15812,"[22 35 15 23  0  2  5 21 38  3 36 20 37  7 27 29 32  8 14 39 28  1 34 13
 25 31 17 10 30  9 18  4 41 33 24 12 26 19 11 16  6 40]","['START', 'FW_LSG', 'OC', 'OC', 'SA', 'FW_LSG', '3PO', 'FW_LSG', 'OC', 'OC', 'SA']",0.0,"[22 35 15 23  0  2  5 21 38  3 36 20 37  7 27 29 32  8 14 39 28  1 34 13
 25 31 17 10 30  9 18  4 41 33 24 12 26 19 11 16  6 40]",1042.0,"[22 35 15  2  5 33 28 21 23 36 39 10  6 40 32 27 25  0  8 14  4 34 13  3
 37 11 19  7 12 31 18 17 41 16  9 29  1 38 20 30 26 24]",3920.0,"[41 40 39 38 37 36 35 34 33 32 31 30 29 28 27 26 25 24 23 22 21 20 19 18
 17 16 15 14 13 12 11 10  6  2  5  1  3  8  9  4  0  7]",4244.0,"[29 26 15 31  8  1 11 35 10  6 13 18 41 25  3 39  4 16 19 27 28 30 37 23
  7 17 20 40  5 36 34  9 38 33 32 24 21 14 22  0  2 12]"
sko49,163,23386,"[ 3 18  0 23 13 12 46 16 31 14  8 40  6 35 20 36 44  9 34 41 25  4 32 26
  5 42 19 24 15 29 37 33 28 17 27 38  7 22  1 47 10 45 43 21  2 30 11 39
 48]","['START', 'FW_LSG', 'OC', 'SA', 'FW_LS', 'FW_LSG', 'FW_LSG', 'FW_LSG', 'SA', 'SA', 'OC', 'SA']",16.0,"[16 18 31 29 20 21 43  3 35 25 23 15 39 48 24 41  6 32  4 10  7 19 17 14
 33  5 30 47 27 40 34  9 26  2 22 45 13 28  8 37 11  1 46 12  0 44 36 42
 38]",1536.0,"[16  3  4 23 30 21 39 43  7 35 15  1 47 48 38 18 29 24  5 10 25 46 41 31
  6 36 40 34 27 20 32 33 28  9 45 19 14 22 37 44 26 17 12  2 11  8  0 42
 13]",4856.0,"[48 47 46 45 44 43 42 41 40 39 38 37 36 35 34 33 32 31 30 29 28 27 26 25
 24 23 22 21 20 19 18 17 16 15 14 13 12 11 10  4  7  2  0  8  6  9  5  1
  3]",6434.0,"[28 38 44  1 12 32 17 16 30 22 18 37 21 42 23 11  2 40  0 47  5 10 45  4
  6 13 31 20 33  3 39  7 24 26  8  9 35 36 34 19 15 14 46 41 29 48 43 25
 27]"
sko56,216,34458,"[53 42 18 33 46 34 40 38 14 30 16 47  4 17 50 39 45 25 32 19 28 35 43  9
  3 44 26 11 36  6 12 51 24 23 52 49  0 13  8 41 15  5 21 54 27 22 55 48
 20  1 37  7 31 10 29  2]","['START', 'FW_LSG', 'OC', 'SA', 'FW_LS', '2O']",14.0,"[20 37  7 10 31  1 29  2 15  5 21 54 27 22 55 48 24 23 52 49 32 13  8 41
 53  3  6 36 28 35 51 50 25 44 19 26  4 11 12  9 14 45 16  0 47 17 43 40
 42 30 18 33 46 34 39 38]",3194.0,"[18 53 15 42 20 45  2 30 33  3 54 44 13 46 17 24 52 55 23 25 32  8 29 41
 34 19 26  5 35  1 16 14 37 31  7 11  6 27 12 43 40  4 10 21 36  0 48 39
 50 47 49 22 28 51 38  9]",7868.0,"[55 54 53 52 51 50 49 48 47 46 45 44 43 42 41 40 39 38 37 36 35 34 33 32
 31 30 29 28 27 26 25 24 23 22 21 20 19 18 17 16 15 14 13 12 11 10  4  2
  0  3  5  6  7  1  8  9]",7948.0,"[ 3 47  5 28 17 21 51 36 45 49 38 25 52 18 50 15 16 42  7  9 55 30 46 22
 53 14 10 11 19 37 40  4 23 26  2 33 43 39  0 48 24 54  6 35 34 29  1  8
 12 20 32 41 27 31 13 44]"
sko64,269,48498,"[30 56 52  9 37 53 31 14  1 12  7 48 18 46 10 40 58 25 16 62 61  5 27 33
 41 24 20 63  3 50 42  2 32  6 43 15 54 38 29 11 36 22  0 21 23  4 39 26
 49 57 44 51 19 47 45 60  8 34 55 13 28 17 59 35]","['START', 'FW_LSG', 'OC', 'SA', 'FW_LS', 'FW_LSG', 'FW_LSG', 'FW_LSG', 'OC', 'OC', 'SA', 'SA', 'FW_LSG', 'FW_LSG', 'OC', 'OC', 'OC', 'SA', '2O']",4.0,"[30 56 52  9 37 53 31 14  1 16  7 48 18 46 10 40 58 25 12 62 61  5 27 33
 49  6 41 63  3 50 42  2 32 43 22 15 54 38 29 11 36 24 20 21 23 47 39 26
  0 44 57 51 19  4 45 60 34 55  8 13 28 17 59 35]",4086.0,"[26 59 21 36  3 42 41 63 17 47 39 27  4  8  5 49 13 34 54 61 28 24 46 31
 35 19 45  0 38 44 10 18 29 23 62  6 51 48 50 52 58 20 12 15 55 16 53 56
 32 22 60 43 57 25  1  7 40 11 33  2 37 30 14  9]",10748.0,"[63 62 61 60 59 58 57 56 55 54 53 52 51 50 49 48 47 46 45 44 43 42 41 40
 39 38 37 36 35 34 33 32 31 30 29 28 27 26 25 24 23 22 21 20 19 18 17 16
 15 14 13 12 11 10  6  1  9  5  4  0  3  2  8  7]",8358.0,"[38 44  6 51 11 25 28 58 24 49 17 32 19  5 39 45 26  1 48 23 42 61 34 43
 41 33 54 18 10 62  4  0 55 15  9  3 63 29 36 20  8 57 22 46 21  7 16 13
 40 31 14 27 56 12 37 47 60 52 30  2 53 59 50 35]"
sko72,352,66256,"[44 10  3 24 23 42  2 33 11  4 71 68 36 19 12 51  1 52 57 40 35 49 62 58
 31 64 28 14 18 65 70  5 45  0  6 20 39 41 56 54 32 48 21 37 34 50 67 43
  8 15 22 25 46 13  7 47 16 66 38 27  9 59 30 53 63 61 60 29 69 55 26 17]","['START', 'FW_LSG', 'OC', 'SA', 'FW_LS', '3PO', 'FW_LS', 'FW_LS']",34.0,"[11 33  2 42 24 68 23 10 44 52  1 51 49 36 35  3 71  4 28 20 31 62 12  5
 19 40 57 13 64  0  6 45 70 65 18 14 34 37 21 48 58 32 54 41 39 30 59 46
 22 66 15 43 56 50  7  9 25 27 16 38  8 67 47 17 55 26 69 29 60 61 63 53]",5616.0,"[53 39  4 41 71  1 57 19 31 26 47 18 40  5 38 23 67 33 37 50 14  8 68 24
 36 42 35 29 70 32 48  0 65  3 62 61  6 44 27 60 45 49 51  2 11 54 56 58
 16 21 69 12 34 52 43  7 64 25 63 66 46 10 20 22 28  9 13 59 15 30 55 17]",13004.0,"[71 70 69 68 67 66 65 64 63 62 61 60 59 58 57 56 55 54 53 52 51 50 49 48
 47 46 45 44 43 42 41 40 39 38 37 36 35 34 33 32 31 30 29 28 27 26 25 24
 23 22 21 20 19 18 17 16 15 14 13 12 11 10  8  4  7  3  5  1  0  6  9  2]",14148.0,"[30 54 63 62 66 39 68 69 52 32 71  0 33 14 43 40 51 35 34 48  4 21 41 46
 60 13 67 36  7 53 12 37 29 70 20 38 56 49 24 28 18 11 64  5 57 65 19 42
 15 47 16 10  2 55 45 26  6  1 59  3  8 50 27 17 31 58 22 25  9 44 23 61]"
sko90,559,115534,"[85 26  8 87 75 40 51 37 78  7 47 58 74 83 15 43 39 60 57 24 49 29 48 79
 56 65 62 73 42 81 70 68 14  2  6 18 77 12 16 52 22 35 11 36 27 50  5 13
 76 28 33 55 69 64 82 46 53  3  0  1 30 59  9 88 89 25 80 72 20 63 21 44
 54 67 84 34 31 61 86 41 10 17 45 19 32 71 38 66 23  4]","['START', 'FW_LSG', 'OC', 'SA', 'FW_LS', '2PO', 'FW_LSG', 'FW_LS', 'FW_LS', 'SA']",16.0,"[85 26  8 87 75 40 51 37 78  7 47 58 74 83 15 43 39 73 60 24 49 10 48 79
 65 56 62 42 57 81 70 68 14  2  6 18 77 12 76 52 29 55 11 54 50  5 13  0
 16 63 22 59 35 36 27 82 53 20 28 23 33 45 67 88 89 25 31 72  3  1 30 44
  9 64 84 34 80 61 86 41 21 17 69 19 32 46 38 71 66  4]",10134.0,"[57  1  3 25 26 89 20 53 86 24 78 31  0 76 42 48 74 52 81 85 75 72 12  2
 49 73 11 63 16 61 87 88 55 28 15 67  8 14 68 30 66 50  6 54 27 69 60 82
 13 47 84 83 36 79 62 35 56 39 59 33 34 18  5 17 44  9 43 21 58 77 51 45
 41  7 80 19 65 10 37 40 23 38 32  4 46 29 64 71 70 22]",19042.0,"[89 88 87 86 85 84 83 82 81 80 79 78 77 76 75 74 73 72 71 70 69 68 67 66
 65 64 63 62 61 60 59 58 57 56 55 54 53 52 51 50 49 48 47 46 45 44 43 42
 41 40 39 38 37 36 35 34 33 32 31 30 29 28 27 26 25 24 23 22 21 20 19 18
 17 16 15 14 13 12 11 10  6  1  3  5  2  8  9  0  7  4]",22340.0,"[72 74 59 71 70 32 88 23 30 16 65 53 79 81 61 84 18 89 13 80 62 43 58 10
 35 60 22 77 26 24  8  9 15 37  6 36 28 51  2 64 31 21 63  0 78 44 69 50
 39 41  1 67 46 14 27 68 25 87  7 45 34 49 33 11 52 85 82  4 19 20 73 55
  5  3 17 83 47 12 29 57 66 54 42 40 48 38 86 75 56 76]"
sko100a,692,152002,"[64 82 10 32 70 96  0 77 36 17 38  4 12 54 73 94 24 62 78 90 26 79 53 93
 74 30 42 13 76  5 87 61 15 51  3 21 31 33 56 14 59  8 85 97 95 88 18 48
  1 27 41 58 67  7 92 55 80 81 83 86  9 23 39 66 84 29 72 50 68 19 57 69
 65 99 25 46 98 45 63 89 44 49 11 71 60 37 91 35 52 40  2 34 20 28 22 47
 43  6 75 16]","['START', 'FW_LSG', 'OC', 'SA', 'FW_LS', 'FW_LSG', '3O', 'FW_LS', 'SA']",42.0,"[64 57 26 87  9 41 22 69 44  2 38 59 79 61 23 65 11 20 49 34 82 12  4 15
  8 67 39 93 71 28 32 54 51 85 58 97 25 99 66  6  0 10 53 21 18  7 60 45
 37 47 73 94 30 31 84  3 55 80 98 91 70 24 74 33 88 95 92 42 81 48 78 96
 62 76 29 46  1 13 35 75 17 90 56 27 72 63 68 19 50 52 77 36  5 14 83 86
 89 43 40 16]",12750.0,"[19 43  6 58 27 87 39 48 41 57 80 69  7 98 37  3 31 68 99 66 44 89 28 65
 22 11 60 59 49 32 35 67 70 71 76 93 85 15 38 42 18 46 13 55 20 97 25 95
 51 52 30 45 36 56 24 10 63  1 17 21  0 53 81  4 78 82 90 73 61 12 40 14
 62 74 88 16  5 72 83 94 75 47 91 26  8 29 84 64 33 86 34  2 92 79 23 50
 96 54 77  9]",27542.0,"[74 52 39 95  9 59  5 25 76 85 86  3 42 36 15 91 43 78 92 23 47 79 24 97
 94 73 30 51 38 37 71 72 77 41  1 63 81 34 68 50 65 88 75  0 70 87 93 90
  7 89 19  2  4 13 64 26 18 60 67 40 11 44  6  8 57 66 22 82 17 46 96 45
 29 99 12 49 55 61 69 14 28 33 20 48 16 80 58 62 56 54 98 31 84 21 35 32
 10 27 53 83]",26988.0,"[20 26 18 91 83 73 65 24 56 81 50 30 64 21 96 69 34 48 95 19 62 43 25 22
 90 35  7  0  3 66 47 98 60 78 76 99 85 89 10 12  6 39 31  4  5 16 51 97
 17 37 58 33 55 68  1 67  8 11 93 87 45 36 63 92 53 61 88 49 40 41 15 82
 52 79 77 38 72  9 75 28 14 86 27 46 74 32 54 80 44 59 23 57 29 94 42 84
  2 71 13 70]"
sko100b,692,153890,"[79 60 36 83 33 91 90 93 46 17 22 69 57 71 62 70 26 72 59 77 29  8 37 92
 34 54  2 63 61 99 75 82 65  1 49 16 41 32 23 68 20  0 21 84 51  9 73 64
  6 50 44 89  4 35 86 80 18 66 45 43 48 28 11 96 98 94 53 19 12  5 74 13
 81 67 95 47 85  7 38 39 14 10 25 31 58  3 15 97 56 40 55 42 52 24 27 88
 78 30 87 76]","['START', 'FW_LSG', 'OC', 'OC', 'SA', 'FW_LSG', 'FW_LSG', 'FW_LS', 'FW_LS']",80.0,"[22 55 42 29 44 82 14 24 60 79 74 20  8 75 48 13 10 98 28 54 89 37  0 25
 11 21 81 66 51 93 69 71 35 65  4  1 31 92 49 83 91 52 84 16 57 96 27 86
 34 36 70 62 33 67 47 95  3 80 58 23 26 90 63 32 73 94  9 88 41  2 53 72
 61 18 85 45  7 78 64 15 30 77 99  6 43 19 97 50  5 68 87 59 46 40 39 38
 56 76 17 12]",12744.0,"[30 12 66 15 76 81 42 24 55 83 88 23 69 49  5  2  3 68 87 36 29  1 48 31
 45 19 58  6 27 97 71 92 32 11 96 94 41 84  9 78 50 80 16 28 52 85 91 26
 70 39 74  0 67 47 34  7 35 53 17 56 64 43 44 10 51 37 95 77 18 62 40 63
 98 20 99 25 72 73 61 90 14 75 65 60  8  4 89 13 57 86 22 93 79 54 82 21
 46 38 59 33]",28738.0,"[17 83 48  7 98  4 59 38 43  8 95 74 18 79 90 39 22 52 58 24  9 26 28 93
 69 21 97 73 46 19 36 45 63 30 54 49 72 40 57 37 84 77 81 60 35 78 89 13
 23  3 16 12  2  1 15 53 64 41 34 31 88 85 82 96 29 80 99 62 71 66 92 33
  5 67 75 42 47 25 76 55  6 44 61 11 87  0 94 50 68 20 14 51 91 10 86 27
 56 65 32 70]",27120.0,"[23 83 50  7 44 98  3 49 29 90 15 27 31 57 24 80 70 54 99 92 48 12  8 35
 60 64 30 33 41 96 11 69  9  0 45 91 53 13 74 61 10 59 97 26 71 76 28 51
 39 66 55 37 34 18 94 36 86 78 65 73 95 58  5 82 67  1 56 38 89 25 21 47
 93 75 14 84 42 68  2 79 72 40 77  4 85 46 20  6 87 17 52 43 16 63 19 88
 62 32 81 22]"
sko100c,680,147862,"[27 66 85  8  9 64 62 19 84  0 22  7 23 76  6 34 32 20 96 65 52 57 98 67
 92 29 14 44 78 12 50 80 72 97 47 55 24  2 39 86 43 89 26 49 87 15 53 41
 48 17 81 74 95 99 90 33 83 91 21 42 88 10 31 16 82 18 51 40 58 77 71 56
  4  1 60 13 28 35 37 11 93  3 59 46 30 79  5 25 54 70 61 38 68 69 94 73
 45 36 75 63]","['START', 'FW_LSG', 'OC', 'SA', 'FW_LS', '2O']",8.0,"[27 22 52 50 43 81 88 71 93 61 66  7 57 80 89 74 10 56  3 38 85 23 72 26
 98 95 31  4 59 68  8 76 67 49 90 99 16  1 46 69  9  6 29 47 87 33 82 60
 30 94 64 34 92 97 15 53 51 13 79 73 62 32 44 24 83 91 40 28  5 45 19 20
 14 55  2 41 18 35 25 36 84 96 78 39 48 21 58 37 54 75  0 65 12 86 17 42
 77 11 70 63]",12430.0,"[36  2 63 80 92 51 37 74 88 39  5 93 20 41 21 19 72 10 42 57 45 58 48 12
 96 23 90 11 78 50 86 66 35 98 33 54 13 84 81 28 77 17 73 14 47 91 44 56
 60 94 27 32  6 62 97 99 22  1 52  9 70 25 87 89 30 82 85 49  4 61 95 53
 76 16 79  7 31 71 43 67 15  8 83 29 18 34 46  3 68 75  0 69 65 24 55 26
 59 64 38 40]",25782.0,"[54 82 35 25 28 38 21 89 91 80 88 72 53  5 33 65 29 22 10 47 84 50 44 81
 14 99 74 76 23 71 96 13 26 41 67 75 12 77 17 42 40 45 85 18 58  8 86 59
  4 70  0 63 87  1 51 57 52  3 73 11 68 95 15 97 34 90 78 30 36 48 79  9
 32 31 64 39 61 66 94 93  7 92 27 20 43  6 16 56 55 49 69 24 19 37 98 46
 60 83 62  2]",27394.0,"[11 60 68 55 10 13 53 40 71 92 25 77  4 83 82 41 27 73 32 36 30 69 33 22
  6 51 99  2  1 35 76 97  9 29 57 88 24 63 31  3 34 98 14 91 59 38 17 86
 81 65 64 20 48 70 37 19 12 85 75 46 23 87 89 16 47 61  5 84 28 18 42 79
 56 54 43 49 74 45 15 66  7 26 67 90 50 78 21 52  8 94 80 58  0 39 44 62
 72 95 93 96]"
sko100d,680,149576,"[84 44 25 61 19 67 27 35 76 95 69 17 13 26 55  7 54 80 65 60 47  5 97 89
  9 98 37 90 50  3 46 20 36 21 34 39 92 88 72 66 52 16 68 91 62 23 87 83
 58 59  6 15 70 10 42 49 78 45 29 48 30  8  4 28 22 99 63 82 73 32 56 71
 38  1 64 11 86 77 57 53 18 79 43 31 94 40 51 85  2  0 41 14 96 12 81 93
 24 74 75 33]","['START', 'FW_LSG', 'OC', 'SA', 'FW_LS', 'FW_LSG', 'FW_LSG', 'FW_LSG', 'FW_LS', '2O']",146.0,"[33 74 81 96 85  0 90 72 75 35 32 73 82 24 45 80 21 88 66  3 56  1 63  2
 57 48 87 92 59 60 28 22 51 49 11 23 83 58 50 95 12 93 40 77 78 29 39 34
 27 65 70 64 10 94 68 62 37 55 54 19 38 53 42 15 86 97  9 91 26 67 14  4
 31 43 99 98 89  7 76 61 30 71 79  8 36 13 16 20 17 25  6 52 18 41 46 47
  5 69 44 84]",12732.0,"[14 69  3 17 83 64 56 38 70  8 60 52 59 89 46 30 87 36 79 95  6  4 10  9
 20 43 99 71 82 68 44 19 34 16 18 31 55 49 90 97 92 15 91  7 86 57 67 42
 23 22 88 12 78 58 50 29 11 41 81 74 76 54 48 61 62 94 27 72 13 84  0 53
 47  5 65 26 21 45 25 24 75 51 66  2 37 40 77 98 73 80 32 33 28  1 35 63
 39 85 93 96]",24738.0,"[16 37 53 99 79 41 93 42 43 90 87 66 27 57 74  5 63 20  1 65 92 44 96  2
 77 12 51 81  0 95 15 82 18 34 59 97 88 69  9 80 60 50 56  7 32 47 33 62
 46 19 17 83 28  4 70 91 86 54 55 89 31 21  3 23 52 40 67 24 68 71 75 11
 58 98 49 94 29 36 38 73 61 78 45 84  6 64 85 25 72 35 39 10 26 14 30 13
 22 76 48  8]",25938.0,"[50  0 78 61 15 25 43 19 93 75 70 26 69 95 66 56 23  8 46 62 42 92 89 28
 96 30 83  5 24 79 86  3 16 49 71 17 34 14 12 64 58 20 88 76  4 63 90 22
 10 51 72 85 99 45 87 73  7 37 29 36 84 68 81  9 74 94  6 39 33 32 21 44
 67 59 82 91 54 11 40 57 65 52  2 60 53 13 27 77 35 98 18 31 97 55 41  1
 47 80 38 48]"
sko100e,692,149150,"[60 38 21 20 18 99 32 52 40 62 61 25 33 69 78 90 84 50 58 44 73 22 97 54
 26 71 27 49 70 85 46 75 13 68 91 98  9 43 31  0 48 53 11 81 59 55 36 47
 77 87  8 41 42 82 10 88 67 65 76 66 39 92 95 63 93 96 19 35 79 80  3 57
 24 94  1 28 86 17 72 45  5  2 30 56 89 74  7  6 16 37 12 34 29 83  4 14
 51 23 15 64]","['START', 'FW_LSG', 'OC', 'OC', 'SA', 'FW_LSG', 'FW_LSG', 'FW_LS', 'FW_LS', 'OC', 'SA']",14.0,"[60 61 73 46 48  8 39  3  5 12 21 25 22 75 53 41 92 57  2 34 38 33 97 13
 11 42 95 24 30 29 20 69 54 68 81 82 63 94 56  4 18 78 26 91 59 10 93  1
 89 83 99 90 71 98 55 88 96 28 74 14 32 84 27  9 36 67 19 86  7 51 52 50
 49 43 47 65 35 17  6 23 40 58 70 31 77 76 79 72 16 15 62 44 85  0 87 66
 80 45 37 64]",12582.0,"[92  4 34 54 71 56 40 39 37 60 23 48 22 41 55 42 10 50 84 99 29 30  3 86
  6 82 35 80  2 14  7 38 74  1 32 67 19 49 44 76 73 81 26 90 18 96 69 70
 12 21 51  8 61 11 33 65 53 77 93 87 66  9 17 95 63 91 47 85 75 15 89 59
 98 52 13 58 78 27 62 28 68 20 88 24 43 57 72 36 25 64 94  5 45 97 46 16
 79  0 83 31]",27744.0,"[61 89 80 25  1 14 85 83 51 95 53 64 43 86  0 98 21 35 38 11  3 81 45 22
 17 49 36 60 68 15  4 27 40 46  5 67 31 47 13 79 10 44 33 65 59 87 84 77
 41 19 75  2 34 16 20 94  8 32 23 93 92 97 78 90  9  6 63 28 30 71 69 37
 26 24 12 74 91 62 52 56 55 99 57 88 58 73  7 54 96 72 76 18 70 82 48 50
 29 66 39 42]",25930.0,"[40 21 82  1 76 62 66 26 36 93  5 67 72 98 97 74 78 27 54 85 58 17 71 42
 15 22  4 33 51 50  2  0 86 49 79 65 34 35 45 52 44 80 68 41 92 60 19 10
 14 91 64 31 48 69 88 59 32 83 23 95 46 89 30 56 11  8 84 61 24 20 28 43
 81 29 75 12 37 13  3 53  6 39 87 25  9 70 55 63 18 38 16  7 99 90 73 47
 96 94 77 57]"
sko100f,692,149036,"[77 58 63 41 30 39 57 14 89 72 16 74 97 18 54  9 51 29 42 85 26 47 69 45
 87 23 37  5 65  1 21  0 13 40 10 36 49  7 78 60 38 33 43 55 46 82 34 59
 92 68 66 35 25 90  8 94 73 70 67 15 61 81 44 75 83 48 24 84  6 20 52 17
 11 71 86 88  4 99 28  2 93 19  3 80 22 50 64 98 56 31 91 62 95 32 27 12
 53 76 79 96]","['START', 'FW_LSG', 'OC', 'OC', 'SA', 'FW_LSG', '2O', 'FW_LS', 'FW_LS']",144.0,"[96 79 64 71 12 80 62 95 32 27 56  2  4 98 22 86 50 81 19 91 31 84 73 76
 11 94  8 25 44 38 20 15 28 70 75 88 90 35 17 66 67  6 99 92 53 48 83  3
 52 61 60 68 49 59 24 55 82 43 33 21  1 78 37 34 40 87 10 46 13  0 42 51
  5  7 36 23  9 39 58 16 85 65 57 29 63 45 18 54 47 26 89 72 14 30 41 97
 69 74 93 77]",11414.0,"[60 42 30 38 44 21 40 89 16 31 73 55 59 62 43 87 20 92  1 14 12 72 94 22
 67 85 98 56 79 96  2 76 90  6 46 88 65 95 68 91 51 11 84 37  4 29 82 50
 34 78 53 99 70 86 80 48 10 36 57 28 27 39  7 45 25 69  3  0 97 47 52 81
  8 13 24 71 23 64 74 19 17 93 75 83 32 58 33  9 63 54 61 35  5 49 15 41
 66 18 77 26]",24938.0,"[93 68  1  6 33  2 35 78 90 56 37 59 69 67 48 54 80 57 53 21 39 19 30 77
 15 52 50 89 11 84 79 31 20 85 16 98 61 32 55 60  5 36 91  8 25 74 87 73
 17 75 41 23 51 86 88 99 71 58 66 42 64 13 43 18 92  4 40 12 27 22 45  9
 94  7 63 28 29 34 96 49 65 38 62  3 70 47  0 46 83 76 97 72 26 24 95 81
 14 10 44 82]",25380.0,"[77 62 95 10  6  3 88 61 73 79 16 48 39 55 51 19 24 35 43 86 69 26 33 31
 63 13 68 96 71 15 32 90 37 80 20 81  2 94 50  5 57 83 59 11  1 18 64 41
 36 14 49 22 56 27 74 97 46 47 75 17 84 72 66 65  7 87 52 28 45 12  0 93
 29  8 54  4 25 40 23 67 44 76 85 78 91  9 99 38 82 98 89 30 60 42 70 34
 58 53 21 92]"
ste36a,73,9526,"[34  4  5 11 10 26 25 24 23  8  3  0 12 19 13 22 20 21  1  7  9  6 27 18
 31 33 32 16 17  2 14 15 28 29 30 35]","['START', 'FW_LS', 'OC', 'SA', 'FW_LS', 'OC', 'SA', 'FW_LS']",78.0,"[23 21 26 13 10  5  4  2 34 24 20 22 19 11 12  3  7  1 25 31 18 27  0  6
  9 17 16 32 33 30 29 28 14  8 15 35]",2676.0,"[30  8  2  5 11 10 13 24 26 29 28  9  6 12  0 23 22 15 27 17  7  3 19  1
 18 25 34 33 16 32 31  4 14 35 20 21]",3644.0,"[35 34 33 32 31 30 29 28 27 26 25 24 23 22 21 20 19 18 17 16 15 14 13 12
 11 10  8  1  2  7  9  6  0  3  4  5]",8642.0,"[14 17  7 15 16  6 23 25 33 24 13  4  5  3 32 31 35 34 19 12 18  9 22 27
 28 29 30 21 20 11  2 10  0  1 26  8]"
ste36b,73,15852,"[34 30 29 28 27  0 14  8 15 32 33 31 18 19  6  9 17 16 25 24 22 13 11 12
  3  7  1 23 21 20 26 10  5  4  2 35]","['START', 'FW_LSG', 'OC', 'SA', 'FW_LS', 'OC', 'SA', 'FW_LSG', 'SA', 'SA']",0.0,"[34 30 29 28 27  0 14  8 15 32 33 31 18 19  6  9 17 16 25 24 22 13 11 12
  3  7  1 23 21 20 26 10  5  4  2 35]",7490.0,"[35 33 21 26 13  4  0  7 34 32 31 20 19 10  3  9 17 16 30 29 27 22 12 11
  8  1 15 18 28  2 14  6  5 24 25 23]",21634.0,"[35 34 33 32 31 30 29 28 27 26 25 24 23 22 21 20 19 18 17 16 15 14 13 12
 11 10  8  1  2  7  9  6  0  3  4  5]",81656.0,"[ 2 18 28 29 30 21 11 19  9 10  3  4 12  5  1  0 27 20 22 13 16 25 14  8
  7 17  6 31 32 24 34 23 15 33 26 35]"
ste36c,73,8239110,"[ 2 18 28 20 29 30 12 19  1 11 31 22 21 23  3  0  9 10 14 13 25 26 24 35
 34 33 32  4  5  6  7 15 17 16 27  8]","['START', 'FW_LSG', 'OC', 'SA', 'FW_LS', 'OC', 'SA', 'FW_LSG', 'OC', 'SA', 'OC', 'OC', 'OC', 'OC', 'OC', 'OC', 'OC', 'SA', '2O']",52266.0,"[22  9  1 11  2  3 21 10 29 20  4 13 12  5 30 28 18 19 23 14  7  8 15 35
 26 17  6 31 32 33 34 24 16 25  0 27]",1139652.0,"[33 17 26  5 16 32 24  6 25 15 22 23 14  3 34 35  8  7 28 13  9 18  4 10
  1  2 12 30 20 31 21 29 19 27  0 11]",5219068.0,"[35 34 33 32 31 30 29 28 27 26 25 24 23 22 21 20 19 18 17 16 15 14 13 12
 11 10  6  4  2  3  1  7  8  5  9  0]",8439918.0,"[15  8  0 12 11 10 26 24 25 14  9  3  4  5 13 22 20 23  1  7  6 27 19 29
 18 21 35 16 17  2 28 30 31 33 32 34]"
tai12a,26,224416,[ 7  0  5  1 10  9  2  4  8  6 11  3],"['START', 'FW_LSG']",0.0,[ 7  0  5  1 10  9  2  4  8  6 11  3],36422.0,[ 7 10  6  9  2  1  0  5  3 11  8  4],34124.0,[11 10  8  9  5  7  0  6  3  1  4  2],66322.0,[ 4 11  9  0  1 10  3  5  8  7  2  6]
tai12b,30,39464925,[ 8  3  5  2 10  6 11  1  7  9  0  4],"['START', 'FW_LS', 'FW_LS', 'FW_LS', 'OC', 'SA', 'FW_LSG', 'FW_LS', 'OC', 'OC', 'OC', 'OC', 'OC', 'OC', 'OC', 'OC', 'OC', 'SA']",0.0,[ 8  3  5  2 10  6 11  1  7  9  0  4],7120126.0,[ 0  3  7  4  9  5  1  6 10  2 11  8],15700442.0,[11 10  8  4  1  7  0  6  2  5  9  3],46666336.0,[10  7  3  1 11  2  5  8  0  9  4  6]
tai15a,38,388214,[ 4  9  3 12  1  8  0 10 11 13  6 14  2  7  5],"['START', '2O', 'FW', 'OC', 'SA', 'FW_LSG', 'FW_LSG', 'FW_LSG', 'OC', 'SA', 'SA', 'OC', 'OC', 'OC', 'OC', 'OC', 'OC', 'SA', '2O']",0.0,[ 4  9  3 12  1  8  0 10 11 13  6 14  2  7  5],7728.0,[ 5  9 12  3  1  8  0  4 13  7  6 14  2 10 11],43556.0,[14 13 12 11 10  8  9  7  3  0  6  5  2  1  4],98350.0,[ 9  1  8  2 12  4  6  7 13 11 14 10  5  0  3]
tai15b,38,51765268,[ 0  8  3  5  7 14  6 10  2  4  1 13 12 11  9],"['START', 'FW_LSG', 'OC', 'SA', '2O']",0.0,[ 0  8  3  5  7 14  6 10  2  4  1 13 12 11  9],196612.0,[14  6  0 13 11 10  8  4  1  5  2  3 12  7  9],295748379.0,[14 13 12 11 10  9  8  7  6  5  4  3  2  1  0],296586369.0,[ 7  8 12 11  1  9  3 13  2 14 10  4  5  6  0]
tai17a,43,491812,[11  1  5  6  3  7 13  4 10  2 15 12 16  8  0  9 14],"['START', 'FW_LSG', 'OC', 'SA', 'OC', 'SA', 'FW_LSG', 'FW_LSG', 'SA']",0.0,[11  1  5  6  3  7 13  4 10  2 15 12 16  8  0  9 14],36254.0,[12  5 10 13  1 16  4 15  7 11  2  6  8  3  0  9 14],65276.0,[16 15 14 13 12 11 10  7  8  1  9  0  3  4  2  5  6],140064.0,[13  0 15  4 11  6  3  5  2  9 10  7  1 16  8 14 12]
tai20a,43,703482,[ 9  8 11 19 18  2 13  5 16 10  4  6 14 15 17  1  3  7 12  0],"['START', 'FW_LSG', 'OC', 'OC', 'SA', 'FW_LSG', 'FW_LSG', 'FW_LSG']",2140.0,[ 7  1 17 19 18  9 10  0 13  2  5  4 14  6 16  8 11  3 15 12],48100.0,[15 16  1 11  7 19  9  3  0  8 13 12  2 17  5 14 18  4 10  6],99432.0,[19 18 17 16 15 14 13 12 11 10  9  4  2  3  7  0  8  1  5  6],161334.0,[17  4 13 15 12  0 16 10  1  7  6 14 11  3  9  5 18  2  8 19]
tai20b,48,122455319,[ 7 15 13 16  3 10  2 18  6  8  0 14  5 12  9  1  4 19 17 11],"['START', 'FW_LSG', 'OC', 'SA', 'FW_LS', 'FW_LS']",0.0,[ 7 15 13 16  3 10  2 18  6  8  0 14  5 12  9  1  4 19 17 11],3501794.0,[ 1 13  7  3 16  0  2 10  5 15  6 14 18 12  9  8  4 19 17 11],121831328.0,[19 18 17 16 15 14 13 12 11 10  8  2  4  7  5  3  1  6  0  9],305468733.0,[10 15  2  4 16 12  8  6 13 14  5 19 11  9  1  0  3 18  7 17]
tai25a,54,1167256,"[ 8  3  5 10  4  0 14  9 13  2 16 11 18 17 22  7 20  1 21  6 15 19 23 24
 12]","['START', 'FW_LSG', 'OC', 'OC', 'SA', 'FW_LSG', '3O', 'FW_LS']",4270.0,"[13 19 15 20 22  7 18  1 24  6 17 21  8 14 16 10  3 23 11  0  2  5 12  9
  4]",92102.0,"[23  0 19 11  6  4 16  7 21  5 14 17 24  1 10 22 18 13  3  9  8  2 12 20
 15]",178334.0,"[24 23 22 21 20 19 18 17 16 15 14 13 12 11 10  9  2  0  7  1  8  3  5  4
  6]",281152.0,"[12  8 19  7 13 23  3  4  1 11 21 14 17 24  6 15 22 16  0 18  2 10  5 20
  9]"
tai25b,54,344355646,"[ 3 14  9  8 12  4 24 18  6  2 16  5 17 19 15  1 21 22  7 10 20 23 13 11
  0]","['START', 'FW_LSG', 'OC', 'OC', 'SA', 'FW_LSG', 'FW_LSG', 'FW_LS', 'OC', 'SA']",0.0,"[ 3 14  9  8 12  4 24 18  6  2 16  5 17 19 15  1 21 22  7 10 20 23 13 11
  0]",107398878.0,"[ 5  9 22  0  1  4 21 18 13  7 24  2 15 11 17 19 12  8  6 10 20 23  3 14
 16]",423003377.0,"[24 23 22 21 20 19 18 17 16 15 14 13 12 11 10  7  8  6  1  4  0  2  3  9
  5]",649065000.0,"[24 15  9  0  5 11  8 18  3  2 22 23  4 20  1 14 10 12 13 17 16 21 19  7
  6]"
tai30a,66,1818146,"[18 17  3 23 29 24  4  6  0 21 27 19 10 12  8 15  7  9 16 20 11 28  1 14
  2 13 25 26 22  5]","['START', 'FW_LSG', 'OC', 'SA', 'FW_LS', 'FW_LSG', 'FW_LSG', 'FW_LSG', 'OC', 'SA', 'OC', 'FW_LS', 'FW_LSG', 'FW_LSG']",296.0,"[29  0  4 10  7 22  6  5 15 27  2 11 13 16 23  3 17 19 26  9 20  8  1 14
 28 25 24 12 18 21]",108114.0,"[16  7  5 29 27  4 22 25 10  0 23 24 20 11 21  8  6 17  9 19 13 18 15 26
 12 14  2 28  3  1]",290414.0,"[29 28 27 26 25 24 23 22 21 20 19 18 17 16 15 14 13 12 11 10  9  7  8  5
  2  0  6  1  3  4]",332896.0,"[18  5 24 26 29 20 28 10 12 13 11  0 27 25 15  4 23  1  8 17 14  6 19  7
 21  9 22  3 16  2]"
tai30b,89,637117113,"[ 3  7 10 14 16 19 20  4 13 29  1 12  5 28  9 25 26 23 27 21 11  8  6 22
 18 17 24 15  0  2]","['START', '2O', 'FW', 'OC', 'SA', 'FW_LSG', '2PO', 'FW_LS', 'SA', 'SA']",20838.0,"[ 3  7 10 14 16 19 20  4 13 29  1 12 21  9 23 25 26  5 27 28 11  8  6 22
 18 17 24 15  0  2]",59047480.0,"[28  5 21 25 22  9  8  1 26 23 27 15 20 19 29 10 12 14  4 16 13 18  2  7
  0 11 17  6 24  3]",333430736.0,"[29 28 27 26 25 24 23 22 21 20 19 18 17 16 15 14 13 12 11 10  6  7  4  3
  0  2  1  5  9  8]",716625271.0,"[13 29 18 16 11  5 20 10  4  2 21 27 26 25  9 14 12 19 28 15 17  1 22  7
 24  8 23  6  0  3]"
tai35a,106,2422002,"[18  8 27 11  6 32 12 25  4  1 30 15 23 26 21 14  2 29 28 10  5 24 20 22
 33 19 17  3  9  0 13  7 31 34 16]","['START', '2O', 'FW', 'OC', 'SA', 'FW_LSG', 'FW_LSG', 'FW_LSG']",9042.0,"[11 12 18 10 30 29 28 33 19 26 24  1  0 23 32  3 21 25 15  8  6  4 27 17
 34 20 16 14 22 13  9  7  2  5 31]",218420.0,"[32 19 16 18  8  6  5 29  9 30  7 22 20 23 17 34  1 12 15 21  2 14 24 28
  0 25 13 11 27 26  4 31 10  3 33]",372814.0,"[34 33 32 31 30 29 28 27 26 25 24 23 22 21 20 19 18 17 16 15 14 13 12 11
 10  9  4  1  2  7  6  0  8  3  5]",464042.0,"[25 30 31 22  6 14 12 32 27 28 26 15 21 29  2 24 18 17 11  4  7 16 19 13
  9 10  1  5 23  0  8  3 33 34 20]"
tai35b,106,283315445,"[13 11  4 17  9 29 10 21  0 18  8 19 31 16  1 32  2  7 12 26 15  3 33  6
 22 23  5 34 30 27 14 20 28 25 24]","['START', '2O', 'FW', 'OC', 'SA', 'FW_LSG', 'FW_LSG', 'FW_LSG', '2PO', 'SA', 'OC', 'FW_LSG', 'FW_LSG']",206308.0,"[13 11  8  2  9 29 10 21  0  1  4 19 31 16 18 32 17  7 12 26 15  3 33  5
 22 23  6 34 30 27 14 20 28 24 25]",32948464.0,"[28 11 30 20  9 24  4 25  0 16  3 23 10 19 13 12 32 18 33 26  8  5  2 14
 15  7  1 29  6 21 17 34 22 31 27]",178062259.0,"[34 33 32 31 30 29 28 27 26 25 24 23 22 21 20 19 18 17 16 15 14 13 12 11
 10  7  8  4  0  2  1  9  5  3  6]",265492460.0,"[22 13 31 27  6 15  2  7  3 33 21 17  8 32 19 18 11 28  1  4  9 24  5 25
 30 23 26  0 20 16 29 34 12 14 10]"
tai40a,114,3139370,"[10 17 27  0  4 12 28  9 19  2 24 25 23 31  8 13 11 18 20 35 37 34 36  6
  5 39 30 29 26  7  1 15 33 16 38 14 32 21  3 22]","['START', '2O', 'FW', 'OC', 'SA', 'FW_LSG', 'FW_LS', 'FW_LS']",20810.0,"[ 1 10  5 37 24 18 39 20  7 21 35 28 38  2 17 25 30  8 34  3  6 31 13 23
 15  9 14 26 12 27  0 11 19  4 33 22 16 32 36 29]",208568.0,"[ 5  7 18 12 37 26 31 29  1  9 23 38  3 11 17  4 16 24 39 34 25 15 32 36
  0  2 10 21 13  8 28 27 20 22 33 35 30 14  6 19]",534000.0,"[39 38 37 36 35 34 33 32 31 30 29 28 27 26 25 24 23 22 21 20 19 18 17 16
 15 14 13 12 11 10  8  0  4  3  6  7  1  9  2  5]",708896.0,"[36 22 35 21  9 23 31 13 10 26 18 24  4  6  5 37  7  3  1 16 20 15  8 33
 29 19 39 11 38 32 25 28 34 17 14  2 12 30  0 27]"
tai40b,114,637250948,"[35  0 14 10 24 36 30 18 38 12 26  6 39 21  3 32 15 33  9 13 11 22  4 31
 34 37  8  2 29 28 23 16  1  5 27  7 19 25 17 20]","['START', '2O', 'FW', 'OC', 'SA', 'FW_LSG', 'FW_LSG', 'FW_LSG', 'OC', 'SA', 'SA', 'FW_LS', 'OC', 'FW_LSG', 'OC', 'OC', 'OC', 'SA', '2O']",0.0,"[35  0 14 10 24 36 30 18 38 12 26  6 39 21  3 32 15 33  9 13 11 22  4 31
 34 37  8  2 29 28 23 16  1  5 27  7 19 25 17 20]",146688042.0,"[ 3 28 17  6 20 32 39 23 29 38  7 14  0 19 26 35 13 16  5 15 22  2 21 31
 33  9 27 18  1 34 30 11 24 36 37  4  8 25 10 12]",503864402.0,"[39 38 37 36 35 34 33 32 31 30 29 28 27 26 25 24 23 22 21 20 19 18 17 16
 15 14 13 12 11 10  5  9  3  8  2  4  7  0  1  6]",475552892.0,"[ 4 28 27 38 21 30 14 36 18  2  0 16  9  7 20 15 22 34  3 17 13 10 39 35
 24 37 32 25 29 11  1 12 33 31 26  5 19 23  8  6]"
tai50a,162,4938796,"[ 6 23 16 12 24 33 26 42 17 47 34  1 43 18 39 27  5 10 44 32 31 46 15  7
 25 11 14 28 40 30 36  9 22 29 45 41 20  4 37 13  2 38 35  8 48 19 21 49
  0  3]","['START', 'FW_LSG', 'OC', 'SA', 'FW_LS', 'FW_LSG', 'FW_LSG', 'FW_LSG']",48832.0,"[12 49 28 37 17  1 14 31 41 10 36 22 47 15 26 48 13 24  9 43 34 21  5  0
 16 42 11 23 32  2 35 30 44  4 20 38  6 27 33  7  3 19 40 45  8 39 18 25
 46 29]",500538.0,"[39 12 18 37  7 15 32 19 25 24  5  3 47  0 40  4 16  6 31 44 28 23  9 26
 41 34 30 10 36 22 46 11 20 42 21 17  2 48 35 27  1 29 49 38 33 13 43 45
  8 14]",800046.0,"[49 48 47 46 45 44 43 42 41 40 39 38 37 36 35 34 33 32 31 30 29 28 27 26
 25 24 23 22 21 20 19 18 17 16 15 14 13 12 11 10  6  7  4  3  8  1  2  0
  9  5]",939152.0,"[11 27  5 35  7 49 44 34 29 43 15 28 47 19 41 17 38 23 12 31 14  6 39 24
  9 18 26 30 36  3 20 25 32 22 10 40 33 45  2 13 46 42  0  4 48  8  1 16
 21 37]"
tai50b,162,458821517,"[ 5 23 14 12 21  4 29 40 13  8 16 19 25 18 46 11 15 37 17 30 47 20 33 26
 36 48 22 10  3 31  2  7  0 32  6 42 24 28 44 27 39 35 43 45  1 34 49 38
  9 41]","['START', '2O', 'FW', 'OC', 'SA', 'FW_LSG', 'FW_LSG', 'FW_LS']",212775.0,"[ 5 46 14 12 21  4 29 18 13  8 16 23 25 40 19 15  9 37 42 30 47 20 33 26
 36 48 22 10 31  3  2  7  0 32  6 38 17 28 44 41 24 49 35 39  1 34 43 45
 11 27]",86457231.0,"[10  9 20 11  1  3 48 28 30 22 25 12 29 44  4 27 37 17 24 23 47 36 15 42
 26 35 40 46 21 19 16 31 34 39 45 32 13 33  5  6 14 38 41 49  0  7 43  8
 18  2]",294285523.0,"[49 48 47 46 45 44 43 42 41 40 39 38 37 36 35 34 33 32 31 30 29 28 27 26
 25 24 23 22 21 20 19 18 17 16 15 14 13 12 11 10  2  8  9  7  6  0  4  3
  1  5]",318316028.0,"[ 0 30 10 41  5  7 11 33  9  1 40 24 32  2  4 17 48 20  3 49 39 18 37 47
 29 38 46 26  8  6 34 35 31 42 12 13 44 23 28 27 16 21 15 19 22 14 45 36
 43 25]"
tai60a,243,7205962,"[29  6 39 17  5 28 55  0  4 49 20 31 52 33 37 15 18 46 22 42  3  7 38 48
 54  2 56 40 21 47 36 59 58 43 53 51  8 10 34 19 14 41 13 24 26 23 35 12
 16 45 11 30 57 50  1 32 44 25  9 27]","['START', 'FW_LS', 'FW', 'OC', 'SA', 'FW_LSG', 'SA', 'FW_LS', 'FW_LS', 'SA']",78268.0,"[33 52 26 54 49 16 18 34 30 12 27 55 19  3 44 28 29 11  9 14 56 24 41 35
  0 59 38 40 22  7  6  5  4 39 13 25  8 58 50  1 31 37 43 47 17 21 48 36
  2 51 23 10 32 15 53 46 20 45 42 57]",707192.0,"[23 43 16  9 46 42 25 56 15 11 54 49 47 28  6 36 30 17 29 27 37  0  1 24
 50 10 41 44 32  7 40 45 12 57 52 58 39  5  2  8 18 20  4 59 31 48  3 53
 33 51 14 19 55 22 34 13 38 35 21 26]",1196752.0,"[59 58 57 56 55 54 53 52 51 50 49 48 47 46 45 44 43 42 41 40 39 38 37 36
 35 34 33 32 31 30 29 28 27 26 25 24 23 22 21 20 19 18 17 16 15 14 13 12
 11 10  7  5  0  3  4  6  2  9  1  8]",1213696.0,"[19 29 54 26 16 21 42 17 46 56 11  0 37  1 32 49 40 53 33 47 58 50 44  8
  4 35 12 39 22 52 38  5 20 55 25  2 36 23  6 51 13  3 43 57 27 28 15 41
  7  9 30 45 10 59 48 14 18 31 24 34]"
tai60b,243,608215054,"[32 33 49 35 23 57 24 19 29 55 39 59  0 36 54 12 17 25 43 13 21  9 31 18
  2 48 11 46 50 20  7 10 40 16  8 22 53 14 41  1 37  5 27 58 45 26 38 47
  6  4 56 30  3 44 51 28 42 34 52 15]","['START', '2O', 'FW', 'OC', 'SA', 'FW_LSG', 'FW_LSG', 'FW_LS']",302104.0,"[32 33 49 35 23 57 24 19 29 55 39 59  0 36 54 12 21  4 30 13 43  6 31 18
  2 56 20 27 37 47  7 10 40  1 22 46 53  8 41 16 50  5 14 58 45 26 38 17
 11 48 25  9  3 44 42 28 51 15 52 34]",125522845.0,"[20 25 23 31 58 33 26 53 29 59 40 15 45 36 22 54 55 47  4 24 19 46 42 43
 51 38 13 21  2 17 18 49 50 10  5  7 35 41  1 11 14 16 37 44 39 12 32  0
 57  6 56 30 28  8 52  3 48  9 34 27]",392987466.0,"[59 58 57 56 55 54 53 52 51 50 49 48 47 46 45 44 43 42 41 40 39 38 37 36
 35 34 33 32 31 30 29 28 27 26 25 24 23 22 21 20 19 18 17 16 15 14 13 12
 11 10  8  5  3  6  0  1  2  9  7  4]",469351150.0,"[20 36 32  8 48 15 50  6 40 49 13  2 12 38  7 42 33 35 37 21  9  1 23 17
 25  4 34 59 45 31 43 19 22 55 39 52 14  3 18 44 56 11  5 24 41  0 27 28
 51 26 10 29 47 54 58 46 57 16 30 53]"
tai64c,269,1855928,"[ 0  2  4 14 16 19 29 34 39 44 48 50 54  1  3  5  6  7  8  9 10 11 12 13
 15 17 18 20 21 22 23 24 25 26 27 28 30 31 32 33 35 36 37 38 40 41 42 43
 45 46 47 49 51 52 53 55 56 57 58 59 60 61 62 63]","['START', 'FW_LSG', 'OC', 'SA', 'FW_LS', 'FW_LSG', 'FW_LSG', 'FW_LSG', 'OC', 'SA', 'OC', 'SA', 'FW_LSG']",0.0,"[62 42 28  8 22 25 45 48 39 12 58 10 60  0  1  2  3  4  5  6  7  9 11 13
 14 15 16 17 18 19 20 21 23 24 26 27 29 30 31 32 33 34 35 36 37 38 40 41
 43 44 46 47 49 50 51 52 53 54 55 56 57 59 61 63]",89580.0,"[ 6  3 15 21  1 34 51 54 44 19 40 24 38 17 53 45 20 12 28 49 30 61 52 33
 48 46  8 36 59 60 16  7 14 41 13 27 22 11 42 39 18 35  0 58 10 37 26 31
 62 63 43 29 32 56 47 25 55  4 57  2 23 50  9  5]",4037612.0,"[63 62 61 60 59 58 57 56 55 54 53 52 51 50 49 48 47 46 45 44 43 42 41 40
 39 38 37 36 35 34 33 32 31 30 29 28 27 26 25 24 23 22 21 20 19 18 17 16
 15 14 13 12 11 10  9  8  7  6  5  4  3  2  1  0]",718190.0,"[39 22 53 56 20  9 62 40  2 61  7 17 36 43 58 18 52 32 26 33 10 13 11 16
 34  3 14 31 55 37 49 47 15 51 48 50  0 19  4 21  8 35  6 38 59 29 60 30
 54 42 63 23 27  5 41 25 24 45  1 28 57 44 46 12]"
tai80a,464,13499184,"[10 18 63 50 77 53 30 79 76 13 36 58 69 26 33 25 61 59 28 16 68 48 66 78
  6 17 72 38 14 55 54 57  4 22 52 47 51 62 12 43 73  5 60 32  0 40  2 42
 29  8 21 46 35 19 49 24 27 41  1 65  3 75 44 23 64 70 37 15 56 11 67 71
  9 39  7 20 45 74 34 31]","['START', 'FW_LSG', 'OC', 'SA', 'FW_LS', 'FW_LSG', 'FW_LSG', '2O', 'OC', 'OC', 'SA', 'FW_LSG', 'FW_LSG', 'FW_LSG']",161404.0,"[71  0 28 24 77 40 47  6 25 61 12 39 30 37 41 63 31 53 73 44 34 43  5  9
 69 19 74 75 22 70 18  1 21 46  3 59 17 51 56 67 50  2 55 68 62 42 13  4
  8 65 35 20 45 78 52 66 29 23 64 79 76 10 72 48 49 33 58 38 11 15 54 14
 57 32 16 27  7 60 36 26]",1085048.0,"[ 7 44 43 67 75 36 70 28 57 30 58 32 73 17 55 74 50 45  6 10 69  0  4 76
 12 79 31 27 23  5 68 63 72  3 19 26 35 11 52 47 20 51 78 29 16 59 62  2
  8 25 53 48 40 15 24 34 14 64 71 60 54 33 41  1 38 22 13 66 21 49 65 39
  9 46 42 18 61 37 77 56]",2020972.0,"[79 78 77 76 75 74 73 72 71 70 69 68 67 66 65 64 63 62 61 60 59 58 57 56
 55 54 53 52 51 50 49 48 47 46 45 44 43 42 41 40 39 38 37 36 35 34 33 32
 31 30 29 28 27 26 25 24 23 22 21 20 19 18 17 16 15 14 13 12 11 10  9  2
  0  6  5  3  1  8  4  7]",2081142.0,"[14 47 35 73  5 45 65  8 41 28 23 76 71 16 58 46  6 51 56 20  4 68 33 50
 52 49 37 77 62 59  1 54 63  3 42 78 31 13  7 39 70 30 29 25 17 12 69 74
 22 67 75 15 24 66 43 19 11 10  2 26 53 32 60 40 27 57  0 61 79 36 55 38
  9 64 48 72 44 18 34 21]"
tai80b,464,818415043,"[64  5  2 33 36 12  0 20 19 51 76 37 67 14 47 11 60 10 44 78 35 73 15 25
  4 70 72 22 21 50 65 41 39 16 13 66 69 24 32 54 26 28  3  8 40 48 58  6
  1 68 43 53  9 45 56 23 31 46 55 27 29 57 75 30 17 38 74 18 77 71 61 34
 52 62  7 49 63 59 42 79]","['START', 'FW_LS', 'FW', 'OP', 'SA', 'FW_LSG', '2PO', 'FW_LS', 'FW_LS', 'OC', 'SA']",891280.0,"[64  5  2 33 76 12  0  3 58 37 19 51 67 41 35 65 15 11 50 25 47 21 72 73
 60 10 70 78 22  4 14 44 39 28 20 24 54 26 16 13 66 32 36 48 31 27 56  6
 23 55 40 53  9 29 69  1 34  8 68 46 45 57 61 30 77 38 74 17 18 71 75 43
 52 62 42 49 63 59  7 79]",130496517.0,"[75 47 17 64 30 50 49  3 14 19 61 38 18 41 21 43 62 35 77 40  1 34 74 58
  4 67 56 79 60 28 63 10 23 12 31 72  9 25 13 22 33 53 57  8 69 32 46 52
 26 51 66 16 48 27  2 73 78  6 55 39 71 36 54 37 11 44 65  0  5 20 24 15
 70 68 45 42 29 76  7 59]",408097641.0,"[79 78 77 76 75 74 73 72 71 70 69 68 67 66 65 64 63 62 61 60 59 58 57 56
 55 54 53 52 51 50 49 48 47 46 45 44 43 42 41 40 39 38 37 36 35 34 33 32
 31 30 29 28 27 26 25 24 23 22 21 20 19 18 17 16 15 14 13 12 11 10  5  1
  6  4  8  0  7  3  2  9]",416095338.0,"[32 40 62 33 36  7 43 25 22 38  2 74 27 18 49 78  0 29 11 14 71  1 65 44
 35 24 21 54 52  5 63 53 59 39 61 68 26 60 58 23 45 48 75 30 55  8 31 15
 79 77 34 73  4 13 28 50  9 16  6 12 64 57 72 76 41 66 51 47  3 69 20 42
 37 17 46 67 56 10 19 70]"
tai100a,680,21052466,"[16 62 57 70 76 24 47  5  0 28  3 11 64  8 17 43 98 68 78 80 45 79 34 58
  2 73 96 27 14 54 23 75 44 74 33 32 77 18 19 72 94 35 51 97  4 22 91 87
 53 26 82 85 42 86 59 60 83  1 99 38 48 20  6 52 95 66 90 46 31 15  9 40
 65 84 12 71 89 39 92 30 37 67 56 36 29  7 88 25 10 21 55 13 69 50 41 49
 61 63 93 81]","['START', 'FW_LSG', 'OC', 'OC', 'SA', 'FW_LSG', 'SA', 'FW_LSG', 'FW_LSG', 'OC', 'SA', 'FW_LSG']",222634.0,"[33 60 47 74 57 23  4 64 89 41 22 32 43  8 56 17  6  3 88 21 13 53 29 78
 83 28 25 94 51 68 90 84 44 15 46 38 86 37 36 18 91 92 12 55 20 66 79 95
 61 11  2 39 76 93 40 80  7 69 65 99 16 54  5 27 14 72 59 97 34 49 87  0
 81 10 73 45 31 52 75 48 62 98 42 82 50 24 19 96 77 35 30 26  1 71 70  9
 85 63 58 67]",1855176.0,"[70 93  9 84 95 13 27 26 71 48 66 10 58  7 82 90 34 32 72 68 56 24 60 57
 77  0 21 74 45  3 67  5 36 18 89 80 22 64 75 69 55 47 86 52  4  6 53 85
 41 39 49  8 25 23 91 17 94 79 96  2 98 15 35 59 76 46 33 61 81 43 65 40
 14 38 78 42 63 16 44 83 51 31 12 54 73 37 50 19 62 88 87 29 28 20 92 30
 99 97 11  1]",2989854.0,"[19 63 32 12 39  8  5 43 66 11 28 99 75 64 26 25 78 72 70 91 21 94 69  7
 40 50 65 57 84  2 47 24 13 51 53 49 67 16 88 15 89 55 18 45 79 37 87  6
 62 29 86 96 38 80 31 46 34 74 83 30 85 23 41  4 95 71 68 56 93 35  1 92
 48 42 22 27  3 36 59 98  9 77 33 10 52 97 60 17  0 14 76 73 44 90 54 58
 20 61 82 81]",3196826.0,"[72 23 58 29 10  9 30 45 90 17 12  5 77 25 15 81 57 21 78 40 49 14 36 18
 19 28  2 87 47 42 95 26 56 43 32  4 38  8 27 84 69 24 73 70 39 53 65 63
 48 92 88 34 51 83 66 62  7 13 64 60 52  0 33 85 55 89  3 80 99 41 76 97
 71 98 50 61 20  1 54 82 68 93 59 86 94 67 91 74 96 44 11 31 16  6 22 79
 46 35 75 37]"
tai100b,680,1185996137,"[84 36 26 80 64 69 49 44 81 47 65 25 93 28 71 94  0 85 98 29 31 52 78  4
 18 14 88 79 30 32 67 10  5 76 60 27 42 19 56 40 23  2 77 75 97 53 20 50
 86 57 99 38 83 59 63 37 11 35 16 34 43 13 90 91 48 92 74  7 12 68  8 72
 89  6  9 73  1 17 70 51 95 33 66 45 24 62 61 41 46 39 96 58  3 82 54 21
 55 22 15 87]","['START', 'FW_LSG', 'OC', 'SA', 'FW_LS', 'FW_LSG', '2O']",1059860.0,"[84 81 26 80 44 65 49 36 64 47 69 25 93 28 71 94  0 85 98 29 31 52 78  4
  2 75 88 79 30 32 67 10 50 42 23 27 19 18 20 40  5 14 76 99 97 86 56 53
 77 57 60 38 83 59 63 37 11 35 16 34 43 13 90 91 72 89 12  7 74 92  8 48
 68  6  9 73  1 17 70 51 95 33 66 45 24 62 61 41 46 39 96 58  3 82 54 21
 55 22 15 87]",184617998.0,"[65 81 94 64 80 51 33 86 84 89 69  1 85 93 43 16 49 25 37 24  8 28 90 62
 10 50 79 67 32 88 20  3 15 21 54 12 48 23  4 45 18 58 72 75 59 14 52 92
 76 61 74 38 13 98 17 40 29 70  9 53  7 42 63 66 96 35 55 83 19 39 87  6
 60 46 36  0  5 26 95 77 47 44  2 31 71 97 91 68 27 11 82 57 30 34 78 22
 73 56 41 99]",605319663.0,"[77 63 72 78 90 41 92 88 98 86 70 39 94 45 79 50 60 33  3 44 53 84 96 26
 71  5 32 69 62  8 91 48 68 66 64 13 36 25 59 43 12 76 82  2 11 58 29  7
 81 10 14 56  9 42 21 47 35 16 34 65 67 95 18 22 37 87  1 20  4 28 51 83
 17 23 93 80 49 30  0 54 46 85 40 61 89 19 31 52 24 99 57 97 55 74  6 73
 75 27 38 15]",562212250.0,"[87 15 57  4  7 91 17 32 51 43 93 95 78 68 11 26 90 66  0 29 88 50 86 44
 41 46 48 72 65  1 54 98 59 38 67 13 64 19 63 71 81 40 99 89 31 47 69 49
 33  9 70 16 45 73 80 37  3 92 25 34 14 74 18 62 97 84 75 61 58 85 39 76
 55 42 27 30 82 28  6 79 21 94 35 83 77  8 53 56 23 22 96 36 12 60 10 20
  2 24  5 52]"
tai150b,1013,498896643,"[ 83  62 114  18  57  64  50 104 102   5  29  26  82 122  98  24 146  30
 124  47  46 115  75 143 103  81 112  60 108 110 131  92  53  87 140 127
 109  36 145  63 129  67 123  45 120  72  91 113  73  12  21  74 137 141
 118 147 125  68  41  17  52 132 130  15  88  86 136  38 119  23  20  70
   1   8  90   3  96  89 148  25  59  65 121  99  55  94 126 135  19  95
  76  56  48 101 138 133  34  71  28 111  31  77  40  79 128  93  35   7
  13  32  39  11 105  97  33 142 149  27 116   6  66 100 107  80 106  69
   4   0  54   2 117  51   9  84  78  14  22  61  42  43  37 134  44  58
 144 139  49  85  16  10]","['START', 'FW_LSG', 'OC', 'SA', 'FW_LS', 'FW_LS', 'FW_LS', 'SA', 'SA', 'SA', 'SA', 'SA', 'SA', 'FW_LSG']",2953331.0,"[101  40 126  23   8 121  70  95  80  38 140  15  91 133  65  47  96  89
  55  76  16  84 106  14  83  85  94  61   2   3   4 117 139  44  43   0
 135  62 144  10  22  58  49  21  48  42 137 125 147 148  25  52 112  34
   9  88  66  45  99  26 118  68 143  79  72  31 124  81  59 108  54  46
  60 102 111  36  87 110  86  67 105  13  73 119  98  41 128  97  39   6
   1 116  12  78  74 100  17  51 107  90  69   5  75  20  30  53  19 146
 134  50 104  56  64 114  29 122 132 115  57  24 113 145  77 129 123 109
 120  18  63  82 138  28 127 141 103  37 131  27  92 130 136  71 142  11
 149  33   7  35  32  93]",82451339.0,"[ 99 136 140 115 134 107 137 106 117  28 123 144 146  63  54  68 125  48
  86  16  84  61  75 110 104  79  42  22  97  18 128 120  31  36  14  27
  66 131  95 145   3  20  77  43  93  58  51   4 142  37 109 105 129  34
  72  81  62  67  88  76  71 102  47   0   6   8 108 132 121  70 114  29
  32  85  40 126  26  19  82  65   7  53  57  64  25  87 100   2  91 122
 138  74  92 127  21  73  60 119 118 147  13 111   1  78  49  89 113  44
  33  69 101 112  90  46 143   9  98  83 124  80  23  52  15  11  17  55
  38  12  39 149  56  24  59  94 116 133 139   5 148 103 130 141 135  50
  41  45  35  10  30  96]",155038514.0,"[112 135   5  63  22 144 118  96  38  57  42 124  40 119   3  82 121 117
  64  16 128   0 146 102  36 142  52 103  51  34 122  59  89 132  56  88
 136  99 114  27 130  75  18  11 100  39  81 110 133  80  10 127  90  85
  28  87   1  91  83 134   9 104 141  20  25  98  24  43  26   8  76  79
  65  92 131  50 147  70 126  45  61  31 111  66 145 107   2  86 140  21
  32 143  93 139  58  95 120  54  55  62 109  17  44  49  30  94  71  48
 125  15 137  46  35  13 105  41  14  97  60  67 149 115 129  47  23  78
  69 148  72  73   6   7  12  74  84  19  33  77  53 101 113  29 123  68
 138 108 106  37   4 116]",155891030.0,"[ 59 111  36  97  12  69  51   9  62  90 115  66  78  72  17 137 101 140
  25 129  65 107  71 147 103  75  76  18 119 132 110 145   0  38  96 102
   8  73  30 139  40 113  11  68 100 109  28  77  48 124  70  98  29 114
 126  50  42 148  84  14  21 138  16 118  61  33   1  67 134  94  64 112
  99  44  88  35  74  22   3  27  41 146  52  53  56  47  95  19  23  89
 122 108  93  57 116  81  87  55  20  82  13 142  39  92 123 104 125  79
  54  32  58   6 131  80 127  45  60 143 130  31  83  85  37 133  10 135
 121 141   5 120 149  46  34 117  86  49  43  26 105 106 144 136   2  24
  63  91   4 128   7  15]"
tai256c,571,44759294,"[218 108 226 173 171  84 160 192  27 122 203  69 113 196 139 239  40  13
  48 152  44 159  47  18 200 101 177 147  10   1 215  99 125 252 132 169
  71  91 149 245 103 130 166 211 118  16 179 186  52 142 243 213  23 156
 235  54  78  65 135  74  96  35  42 137 190 205 128  30 232   8 222 230
 254  88  61  57 249   4  37   6 181 209  82 220  50 105 162 110  76  95
 183 240 202 158 150 248 165 176  83 227  46 191  62  60   7 204  70  79
 155 219 102 175 199  15 123  24 193 189  25 109  77  94 194 225  29  64
 246 229 121 167 120 140 154  31 201  28 161  87   5 234  72  20 231 207
  49 141  81  14  68 224  51  98 163 223  80 233 236 182  26 221 151 187
 107 168 180 126 117 170 153  55  38 250 206 164 238 104 241   0 148 138
 216  92 244 253  39 115  86 134   2   3  75   9  53  85 188 143 100  67
  63 217 198 212 145 178  12  19  59  41 174 255 197 157 242  33  36 185
 228  34 208 210  56  97 112  32 172 124  17 131  21  43 106  22  66  90
 127  73  89 136 116 237  93 111  11 184 114 144 119 129 146 133  45 195
 251 214 247  58]","['START', '2O', 'FW', 'OC', 'SA', 'FW_LSG', '2O']",89444.0,"[153  96 143 140 107 207 126 227  83 113  15 208  68 174 245 136 225 235
 103 203 105  71  85 170  48 205  54   3 155 232  40 215 222  88 144  28
 182 212 230  45 109  90 200 130 157 242 197 176 100 218 195  16  11  23
  51 185 122  66  57 237   6 148 161 188 254 168  42  25  81 115 193  60
  75 118  37  33   8  79 163 133  20  92  94 252  30 249 151 165  62 178
 240  18   0   1   2  98   4   5   7   9  10 166  12  13  14 175 145  17
 147  19 160  21  22  24 247  26  27 156  29 173  31  32 128  34 186  36
 120  38  39  41 171  43  44 150  46  47 138  49  50  35  52  53  55  56
 139  58  59 158  61 159  63  64  67  69  70  72  73  74 189  76  77  78
 131  80  65  82  84  87  89  91  93  86  95  97  99 101 102 104 106 108
 110 111 112 114 116 119 121 123 125 127 129 132 117 134 135 137 124 142
 149 152 154 162 164 167 169 180 179 183 187 190 191 192 194 196 198 199
 201 202 204 206 209 211 213 214 216 219 221 239 223 224 210 226 228 229
 231 233 234 220 236 217 238 141 146 241 172 243 244 246 248 250 181 251
 177 253 184 255]",2618194.0,"[ 79  34 152  89 150 192  65  50 174  14  13 178 217 250 111 255 204  26
  11 142 113 181 128 223  21 196 216   7 248 187 135 236  97  31  48 132
  85  76  93 213  57 210  59 117 189 163  75  86 154 107 160 221 243  38
 183 199 202  53 212 100 138   2 208  47  28  55 140 115  36 146 145  68
 241   5   9  72 106 229 252 126  83 159 104 214 185  24 176  95 164 156
 119  78 129 182  18 110 175 198  87 109 116  23  82  74  70  81 112 101
   6 108  51  92 102  77 222  41 211  61  64 203 237 205 230 231 148 224
  71 127  88  39  63 165 188 186 249 173 168 179 195  67 158 162 201 244
 124   4 137  52  60  56   8 253 130 193  15 247  69 242   3  32  10 232
 209 190 235  49  19  99  33 167  96 197 149  27 246 191 120  46 143 122
  29 177 172  45  98  62 228  42  43 103  91  90 218  66 136  20 225  80
 219 227 155 207 254 144 220 239 147 141 180  35   1  58 139 251 234 245
 184 240 170 114 105 215  44  54 166 200 123 226 153  12  25  30 171  17
  37  94 157 238  84 118 169 233  73  16 151  40 125 133 134 121   0 194
 161 131  22 206]",9369260.0,"[ 62 188 249  88  46  60 230 179  89  55 165 113 111   9  99 187 130  73
 155 131 227  78  94  92 239 129 190 205  53 124 216 191 127  61 223 162
 210  80 119  48  26  13  15 112 193  52 222 221   7 175  12   8 105 242
  25  47   0  77 192 219 128 146  86 218  17 114  30 217 229  67  79  58
 174 199 101  42 120 232  70  39  35 235   2 203 170  21 154 176 240  93
  90 182  44 251  69 108 207 253  65  83 195 116 143  84 201 243 180 181
  64 200 156 102 178 107 206  49 238  36 225  29 244 117 141  59 250 161
 135 171  75  11 226 231   3   1 125 147 118 245  38 157 185  37 145  76
 137  31 215  63  74 211 194  14  96 144  97 198 134  95  82 150  10 121
  87 158 197 151  72 167  23 104 148 169  98 202  40 246  45 139 254 196
 177 252 142  20 166  51 149 234 100 133 122  28 103 136 236 173  85  16
 213 183  27  34 224 214 168  57  71 237   5  18 152   4 132 163 186  91
  56 209  22  32 204 140 248 106 126 208 159 220 153  19 138  43 255   6
 123  33 241 233 212  24  41 160 189 110  68 247  81 109 228 172 115  54
  66 164 184  50]",8469076.0,"[141 174  16  63  19  87 102 116 171 254 161  56 224 202 154  31  44 166
  68 114  53 234  97  34  79 187 230  18 159  89 142 101  69 211 106  76
 229 209 108 153  67  72 247 131  58  49 136  30 124  83 103 207 130 173
 168 210 235  40 119 241 246 133 237  10 138 127 218  96 206 226  51  50
 126 208   9 191  88 181  38 227  13  12  11 145 238  29  35 189 253  95
 198 125 216 165 150 152 183 107 188 244 122 204 200  28  73   7  24  33
 177 213  57  54 121  37   1 240 214 129 176 156 128 170 248 123 147 243
  52  80 120 139 221 144 172 203 149 140  77 182 164 201  47 118 233  45
 162 205  78  25 195 186 251  64  15 100   6 220 228 134 236 245   2  91
 112  22  55  59 223  14  66 104 155 199 217 160 111  43  84 196 212  46
 193  32   5  98  42  85 157 215 255  74 148 179 242 239  90 137 132  93
  20 175 222 185 190 180  71 113  75  27 197  62  94  86  92  61   0  81
  41  21 231  65 192 151 110  60 117  23 232   8  99 194 225 184 178  48
 252  70  82 167 105 163 115  17 143   4 109 250 135 169 146  39  36   3
 158 219  26 249]"
tho30,66,149936,"[ 7  5 19 16 18 11 28 14  0  1 29 10 12 27 22 26 15 21  9 20 24 23 25 17
  2 13  6  4  8  3]","['START', '2O', 'FW', 'OC', 'SA', 'FW_LSG', 'FW_LSG', 'FW_LSG', 'OC', 'SA', 'SA']",0.0,"[ 7  5 19 16 18 11 28 14  0  1 29 10 12 27 22 26 15 21  9 20 24 23 25 17
  2 13  6  4  8  3]",14546.0,"[17  4 20 26 28  1 23  8 21 22 12  5 11 14  3 29  6 10 18 19 24 13 27 15
  0 16  2  7  9 25]",48332.0,"[29 28 27 26 25 24 23 22 21 20 19 18 17 16 15 14 13 12 11 10  7  3  8  5
  2  4  6  1  0  9]",74394.0,"[29  0  1 16 27  7 14 13 22 19 18  9 11 25 23 24 21 15 20 10 28  8  5  3
 26  4 12  6 17  2]"
tho40,114,240516,"[39  1 18 22 23  6 33  2 38 13 19 14  0  9 10 16 17 27 32 15 29  5 11 35
  8  3 21 31 20  7 28 24 37 36  4 12 25 26 34 30]","['START', 'FW_LSG', 'OC', 'SA', 'FW_LS', 'FW_LSG', 'FW_LSG']",26.0,"[ 2 24  7  6 20 23  8 39 35 11 10  5  0 29 13 18 33 28  9 19 14 32 38  1
 16 25 34 31 21 15 27 17 30 37 26  4 12  3 36 22]",30622.0,"[ 2 35 11 23 30 37 26 12 33 34 10 29 28 25 21  4  6  8  5  9  0 20  7 24
  3 36 13 27 19 38 31 17 39 32 16  1 14 22 15 18]",75658.0,"[39 38 37 36 35 34 33 32 31 30 29 28 27 26 25 24 23 22 21 20 19 18 17 16
 15 14 13 12 11 10  9  7  8  1  0  4  3  5  6  2]",94330.0,"[35 29 39  8 25 27 32 30 23  4  3  6 26 14 19 12  2 36 37 11 34 28 17 33
  7 24 18 13  5 21  1 22 10 15  0 38  9 16 20 31]"
tho150,1013,8133398,"[ 98 106  67  46 141 137   1 113 149  73   3  83 125 146  15  86 104  75
  94 138  29  32  79  30  60   4   8  99 133  25 145  89  96 119 107  64
  19 121  77  51 126  71 103  42  38  41  59  34 116   7  93  95 108  39
  35  82 140  70  33  14  40 136  72  62  10  56 131  17 109 114  49  27
   2 139  24  80   6  23  54  53  16  31 127 101 135  58  76  87 115  68
 130  61  90 102 110  63  57 134  45 100  50 148  22  55  43 142  91  20
  92  12  11  44 143  66   9  18 118 144  88 105 129 112  48  28 132  78
  74 122   5 111  65  81  47  97  37 117   0  26 124  21  85 120  84  36
 128  69 123  13 147  52]","['START', 'FW_LSG', 'OC', 'OC', 'SA', 'FW_LSG', 'FW_LS', 'SA', 'SA', 'SA']",20354.0,"[ 51  61  26  18   7 121  16  68   0  59  17  57  64  72   3  87  13  30
  95  60 148   2 142  21   6   4  20  85 134 112 146 129 141  12  92 139
 110 106  94  23 126  71  43  69  28  86 147  63 109  22 138  50  77  11
  49  56  34 101 123   8  83 136  55 107  29  84 145  33  90   9 124  44
 120  80 143  36  19  99 115  25  31  32  27 144   1 125  48 117 100  70
 111  47  46  41  62 105 131 135   5 116  96 149  38 130 133  14  76  35
  91 132  24 140 103  52  10  93  73 102 118  45  42  53  78 119  88 127
  89  75  37  67  81  82 108  97  40  74 137  39  79  66 128  15 113  65
  54 114 122  58 104  98]",899120.0,"[125 142  63 131  59 115 147  61  31 117  77  44  74  38  18  49   7 113
  21  13 126  75   1 110  37 103 104  81 112 129  67   3 149 136 107 146
 106  28  60  96  90  94 100  87  82   2  15  97 139 118 122  89   0  95
  72  23 108   6  45  58  84 105  51  33  14  41  17 109 145  55 138  12
 135  85  29  48  73  30  92  52  69  20  22  46  25  70  86  83  65 140
  39  91  62 119  93 132  98 143 133 124   9  10  40 116  53 111  76  19
  78  42  56 144 101  32  26  54 123 134  57 120  88  64  68 141  50  79
   4 148  43  47  35  66 137  80  27   5 121   8  99 102 114  16  11 127
  24  36 128  71 130  34]",1677686.0,"[ 81 132 100  46  31 118  88 119 137  13 138 106  10  61  94  73 120 136
  33  82 139  15 149  96  77 147  51  42  41  17  66  83 110  32 111 124
  20 112  84 130  98  64  28 125   3  53  44   6  52  72 148  62  63  78
   9  75  58  92  99  30  50   1  27  24  11 135 117  87 105  71  65 146
  48  74 108 142 107   0 140  21  39 115  19  23 113  57 104   7  91   5
  40  38  36 128  93  56 145 122 134 141 126 133  69  18  54  79 114  43
 131  26 109  89  14 102  29  60 144  25 127  47  22   4  12  34  90  97
  35 103  85 116   8  49  86  16   2  67  45  80  70  95 129  55 143 123
 121  76  59  37  68 101]",1606576.0,"[ 37  75  50  74  45  40 100 139 105 125   3  51  47  12 103  67 121 116
  35  63  91  33 129  57  68 142  80  78  86  71 126  76 106 137 123  30
  34 104   2  84 130  79 141 135  27 134 120 118  10  16  44  96  94  66
 140  26  42  20  69 143 114  28 122  14 124  41  11  58  24  72  60  39
 131  82  61  73 119  46  90  62   9  97  81  89 115 136  70 133  21  25
  65 148  64 147 117  88 128  13 146   7 108 138   5  54  95  31  77  17
   4  98 144 110 132 127  49  29  85  87 149  83  53  23  56  15  18  48
   0 111 145 101 107  52  38  32  99  36   6   1  19   8  92  22  55  43
 109 112  93 102 113  59]"
wil50,162,48816,"[ 0 47 39 30 14 32 46 18  8 26 13  4 31 43  2 23 37 22 11 24 34 28 29 15
 40 44 48 42  1 19 21  9 20  5 10 36 38  7 12 25 45 27 41 49 16  3 33 35
 17  6]","['START', 'FW_LSG', 'OC', 'SA', 'FW_LS', 'FW_LS', 'FW_LS', 'FW_LS']",0.0,"[ 0 47 39 14 30 32 46 18  8 26 13  4 31 43  2 23 37 22 11 24 34 28 29 15
 40 44 48 42  1 19 21  9 20  5 10 36 38  7 12 25 45 27 41 49 16  3 33 35
 17  6]",2194.0,"[28 44 11 22 34 29 39 45 27 47 24 37  3 43  2 16  4 30  0 21 31 18 23 46
 42 15 35  5  9 20 26  1 38 13 40 36 48 41  8 17 19 32 33 14 10  7  6 49
 12 25]",5944.0,"[49 48 47 46 45 44 43 42 41 40 39 38 37 36 35 34 33 32 31 30 29 28 27 26
 25 24 23 22 21 20 19 18 17 16 15 14 13 12 11 10  6  1  5  7  3  2  4  9
  8  0]",7148.0,"[41 45 28 37 22 13  9 19 38 20 23 47 39 32 29 21 27 25 18 15 30 10 49 48
 12 40  8 11 42  1  2 43  6  7  3  5 17 36 16  4 35 31 14 33 34 44 26  0
 24 46]"
wil100,692,273038,"[14 27 99 63 94 87 31 86 29 49  8  9 42 55 77 76 64 67 54 47  0 28 97 78
 89 82 22 71 48 32 45 70 38 75 25 68 51 98 52 24 13 36 12 44 79 40 60 15
 17  5 80 30 26 53  3 46 43  1 33 35 62 72  2 95  4 74 18 66 96 50 73 21
 57 92 41  6 37 11 88 19 83 23 85 10  7 39 58 16 69 91 56 61 34 90 65 59
 81 20 84 93]","['START', 'FW_LSG', 'OC', 'OC', 'SA', 'FW_LSG', 'OC', 'FW_LS']",80.0,"[32 29 31 86 87 63 27 99  0 14 49 67 76 82 94 42 55 38  9  8 47 71 64 60
 51 78 97 75 21 62 48 52 50 74  2 79 89 12 30 72 33 17 66 22  4 25 53 44
  3 73 96  5  1 43 68 40 95 26 36 13 24 98 18 37 46 77 15 92 45 80 88 35
 69 11 58 85 41 57 70 61  6 19 84 16 81  7 90 10 59 56 91 54 20 93 39 65
 28 34 23 83]",13210.0,"[ 0 10 73 45 72 51 59 80 60 62  8 15 38  3 12 85 20 56 18 47 71 78 44 95
 66 83  5 61 97 23 49 29  2 74 75 46 67 76 32 96 57 79 13 26 89 53 55 36
 19 17 52  9  4 48 64 30 21 65  6 35 88 58 33 22 70 40 41 98 28 54 27 82
 90 92 77 25 43 93 63 24 16 99 34 11  1 68 37 81 39 84 87 14 69 50 94 86
  7 31 42 91]",26608.0,"[11 51 12 65 64 84 86 13 79 62 54 24 99 70  8 48 32 75 92  3 55 21 76 19
 29 15 10 47 58  1 88  9 49 66 39 73 22 14 97 16 82 30 87 41 46 18 71 36
 42 91 31 81 74  0 83 63 93 94 95 44 45 35 27 57 68 23 53 78 67 52 26 90
 37  5 40 28 60 38 80 50  4 34 43 85 59 61 33 69 98 25 96 72 20  2 89  7
  6 77 56 17]",29266.0,"[26 56 16 42 61 63 62 57 95  8 55 70 36 23 17 66 34 29 45 77 83 92 51 87
 11 33 40 31 80 76 90 75 68 39 25 65 78 98 81 37 59 60 86 12 89 79 53 54
 94 35  6 22 27 19 67 30 58 41  2 71  1 88 72 64 85  3 14  0 69  7 32 93
 49 50 73 21 20 10 91 47  9 97 28 84 15 52 99  4 82 38 74 18 46 43  5 96
 44 13 24 48]"
